26.02.19/1_01_0064_0000_00_00_000-48a8d5a0,0,bonafide,train
26.02.19/1_01_0064_0000_00_00_000-daacc8f3,0,bonafide,train
05.03.19/1_02_0064_0000_00_00_000-a7f4a187,0,bonafide,train
05.03.19/1_02_0064_0000_00_00_000-a2f0681f,0,bonafide,train
11.03.19/1_03_0064_0000_00_00_000-93614d91,0,bonafide,train
11.03.19/1_03_0064_0000_00_00_000-67f9e77e,0,bonafide,train
13.03.19/1_01_0064_0000_00_00_000-979157ba,0,bonafide,train
13.03.19/1_01_0064_0000_00_00_000-b112ebe7,0,bonafide,train
22.03.19/1_01_0064_0000_00_00_000-7fc66fa3,0,bonafide,train
22.03.19/1_01_0064_0000_00_00_000-8b82d679,0,bonafide,train
27.03.19/1_01_0064_0000_00_00_000-dabdf3a9,0,bonafide,train
27.03.19/1_01_0064_0000_00_00_000-faa04dbe,0,bonafide,train
01.03.19/1_01_0001_0000_00_00_000-241b2419,0,bonafide,train
01.03.19/1_01_0001_0000_00_00_000-c8d47dce,0,bonafide,train
01.03.19/1_01_0001_0000_00_01_000-e2548832,0,bonafide,train
01.03.19/1_01_0001_0000_00_01_000-ff703650,0,bonafide,train
08.03.19/1_02_0001_0000_00_00_000-e78024c0,0,bonafide,train
08.03.19/1_02_0001_0000_00_00_000-e449bdc3,0,bonafide,train
08.03.19/1_02_0001_0000_00_01_000-1beadb73,0,bonafide,train
08.03.19/1_02_0001_0000_00_01_000-713f4786,0,bonafide,train
11.03.19/1_03_0001_0000_00_00_000-a992d9a9,0,bonafide,train
11.03.19/1_03_0001_0000_00_00_000-687093bc,0,bonafide,train
11.03.19/1_03_0001_0000_00_01_000-bb52d756,0,bonafide,train
11.03.19/1_03_0001_0000_00_01_000-ce927e4e,0,bonafide,train
26.02.19/1_01_0075_0000_00_00_000-92478785,0,bonafide,train
26.02.19/1_01_0075_0000_00_00_000-c17aa169,0,bonafide,train
26.02.19/1_01_0075_0000_00_01_000-9bed189a,0,bonafide,train
26.02.19/1_01_0075_0000_00_01_000-732f5788,0,bonafide,train
07.03.19/1_02_0075_0000_00_00_000-e8d0e08e,0,bonafide,train
07.03.19/1_02_0075_0000_00_00_000-227f8605,0,bonafide,train
07.03.19/1_02_0075_0000_00_01_000-cbdecb9f,0,bonafide,train
07.03.19/1_02_0075_0000_00_01_000-fc56004f,0,bonafide,train
12.03.19/1_03_0075_0000_00_00_000-8655369c,0,bonafide,train
12.03.19/1_03_0075_0000_00_00_000-9cb7afec,0,bonafide,train
12.03.19/1_03_0075_0000_00_01_000-4d5db505,0,bonafide,train
12.03.19/1_03_0075_0000_00_01_000-5616a788,0,bonafide,train
28.02.19/1_01_0002_0000_00_00_000-d9d41b02,0,bonafide,train
28.02.19/1_01_0002_0000_00_00_000-c7338db1,0,bonafide,train
28.02.19/1_01_0002_0000_00_01_000-9e8fd10a,0,bonafide,train
28.02.19/1_01_0002_0000_00_01_000-e2f3a682,0,bonafide,train
15.03.19/1_03_0002_0000_00_00_000-05215d0d,0,bonafide,train
15.03.19/1_03_0002_0000_00_00_000-bff1ed6e,0,bonafide,train
15.03.19/1_03_0002_0000_00_01_000-4eafbe63,0,bonafide,train
15.03.19/1_03_0002_0000_00_01_000-4a4271c6,0,bonafide,train
21.03.19/1_01_0002_0000_00_00_000-2a7badee,0,bonafide,train
21.03.19/1_01_0002_0000_00_00_000-b180c742,0,bonafide,train
22.03.19/1_01_0002_0000_00_00_000-0b84c340,0,bonafide,train
22.03.19/1_01_0002_0000_00_00_000-360229b7,0,bonafide,train
22.03.19/1_02_0002_0000_00_00_000-a531ac82,0,bonafide,train
22.03.19/1_02_0002_0000_00_00_000-90020c36,0,bonafide,train
22.03.19/1_02_0002_0000_00_01_000-88cca5c3,0,bonafide,train
22.03.19/1_02_0002_0000_00_01_000-543ef756,0,bonafide,train
11.10.19/1_01_0002_0000_00_00_000-51e86383,0,bonafide,train
11.10.19/1_01_0002_0000_00_00_000-7517b634,0,bonafide,train
26.02.19/1_01_0077_0000_00_00_000-5bf921b3,0,bonafide,train
26.02.19/1_01_0077_0000_00_00_000-a3228552,0,bonafide,train
05.03.19/1_02_0077_0000_00_00_000-b51d3316,0,bonafide,train
05.03.19/1_02_0077_0000_00_00_000-0e9364fc,0,bonafide,train
11.03.19/1_03_0077_0000_00_00_000-d8596081,0,bonafide,train
11.03.19/1_03_0077_0000_00_00_000-e030dc20,0,bonafide,train
07.10.19/1_01_0077_0000_00_00_000-9f7b92f8,0,bonafide,train
07.10.19/1_01_0077_0000_00_00_000-d416451d,0,bonafide,train
28.02.19/1_01_0084_0000_00_00_000-ba83f345,0,bonafide,train
28.02.19/1_01_0084_0000_00_00_000-71fa7be5,0,bonafide,train
28.02.19/1_01_0084_0000_00_01_000-895f0ab9,0,bonafide,train
28.02.19/1_01_0084_0000_00_01_000-90e7c26f,0,bonafide,train
07.03.19/1_02_0084_0000_00_00_000-d77a2ed0,0,bonafide,train
07.03.19/1_02_0084_0000_00_00_000-098a99de,0,bonafide,train
07.03.19/1_02_0084_0000_00_01_000-7d61acbd,0,bonafide,train
07.03.19/1_02_0084_0000_00_01_000-dbe341b1,0,bonafide,train
12.03.19/1_03_0084_0000_00_00_000-b56738c3,0,bonafide,train
12.03.19/1_03_0084_0000_00_00_000-7655b527,0,bonafide,train
12.03.19/1_03_0084_0000_00_01_000-eb6dbc60,0,bonafide,train
12.03.19/1_03_0084_0000_00_01_000-6cdcb093,0,bonafide,train
11.10.19/1_01_0084_0000_00_00_000-305a3a31,0,bonafide,train
11.10.19/1_01_0084_0000_00_00_000-5c4a30a5,0,bonafide,train
28.02.19/1_01_0005_0000_00_00_000-1920fff5,0,bonafide,train
28.02.19/1_01_0005_0000_00_00_000-59069fdd,0,bonafide,train
28.02.19/1_01_0005_0000_00_01_000-7e5f5080,0,bonafide,train
28.02.19/1_01_0005_0000_00_01_000-5a757b22,0,bonafide,train
06.03.19/1_02_0005_0000_00_00_000-eb64335f,0,bonafide,train
06.03.19/1_02_0005_0000_00_00_000-e39160a8,0,bonafide,train
06.03.19/1_02_0005_0000_00_01_000-3f333931,0,bonafide,train
06.03.19/1_02_0005_0000_00_01_000-0ccef25f,0,bonafide,train
12.03.19/1_03_0005_0000_00_00_000-a2f78975,0,bonafide,train
12.03.19/1_03_0005_0000_00_00_000-0aa3a863,0,bonafide,train
12.03.19/1_03_0005_0000_00_01_000-184116af,0,bonafide,train
12.03.19/1_03_0005_0000_00_01_000-02d7e999,0,bonafide,train
08.10.19/1_01_0005_0000_00_00_000-8c99fe89,0,bonafide,train
08.10.19/1_01_0005_0000_00_00_000-9664edcc,0,bonafide,train
28.02.19/1_01_0085_0000_00_00_000-e41cacc1,0,bonafide,train
28.02.19/1_01_0085_0000_00_00_000-65296866,0,bonafide,train
05.03.19/1_02_0085_0000_00_00_000-82e3eb2f,0,bonafide,train
05.03.19/1_02_0085_0000_00_00_000-0b12423b,0,bonafide,train
11.03.19/1_03_0085_0000_00_00_000-246a3d1d,0,bonafide,train
11.03.19/1_03_0085_0000_00_00_000-a42cb0e2,0,bonafide,train
28.02.19/1_01_0086_0000_00_00_000-c5a0f6e3,0,bonafide,train
28.02.19/1_01_0086_0000_00_00_000-0bb57ce8,0,bonafide,train
28.02.19/1_01_0086_0000_00_01_000-500563f5,0,bonafide,train
28.02.19/1_01_0086_0000_00_01_000-5a7ac9e6,0,bonafide,train
28.02.19/1_01_0038_0000_00_00_000-281dc687,0,bonafide,train
28.02.19/1_01_0038_0000_00_00_000-0ee87df5,0,bonafide,train
07.03.19/1_02_0038_0000_00_00_000-35182c23,0,bonafide,train
07.03.19/1_02_0038_0000_00_00_000-85d2ec44,0,bonafide,train
11.03.19/1_03_0038_0000_00_00_000-7f1245a7,0,bonafide,train
11.03.19/1_03_0038_0000_00_00_000-bd0e7804,0,bonafide,train
14.03.19/1_01_0038_0000_00_00_000-8417e1b8,0,bonafide,train
14.03.19/1_01_0038_0000_00_00_000-4f1fe799,0,bonafide,train
26.03.19/1_01_0038_0000_00_00_000-bbe663f1,0,bonafide,train
26.03.19/1_01_0038_0000_00_00_000-1b5ac05b,0,bonafide,train
07.10.19/1_01_0038_0000_00_00_000-98f40232,0,bonafide,train
07.10.19/1_01_0038_0000_00_00_000-6aab1cbe,0,bonafide,train
28.02.19/1_01_0088_0000_00_00_000-ac8ef83d,0,bonafide,train
28.02.19/1_01_0088_0000_00_00_000-3739c168,0,bonafide,train
05.03.19/1_02_0088_0000_00_00_000-93538e51,0,bonafide,train
05.03.19/1_02_0088_0000_00_00_000-2fa4e70c,0,bonafide,train
12.03.19/1_03_0088_0000_00_00_000-1d6f4630,0,bonafide,train
12.03.19/1_03_0088_0000_00_00_000-ce9d6ed7,0,bonafide,train
28.02.19/1_01_0516_0005_01_01_005-585013cf,1,attack/Glasses,train
28.02.19/1_01_0516_0005_01_01_005-8c790daf,1,attack/Glasses,train
01.03.19/1_01_0516_0034_01_01_005-61da6bd8,1,attack/Glasses,train
01.03.19/1_01_0516_0034_01_01_005-349fcf08,1,attack/Glasses,train
06.03.19/1_02_0516_0090_01_01_005-058b2ed4,1,attack/Glasses,train
06.03.19/1_02_0516_0090_01_01_005-894ddb45,1,attack/Glasses,train
05.03.19/1_02_0516_0076_01_01_005-05226cb8,1,attack/Glasses,train
05.03.19/1_02_0516_0076_01_01_005-2e7e6486,1,attack/Glasses,train
11.03.19/1_03_0516_0076_01_01_005-95b55dbc,1,attack/Glasses,train
11.03.19/1_03_0516_0076_01_01_005-d8507fbb,1,attack/Glasses,train
12.03.19/1_03_0516_0035_01_01_005-5c86e5e4,1,attack/Glasses,train
12.03.19/1_03_0516_0035_01_01_005-3dda9d11,1,attack/Glasses,train
27.02.19/1_01_0070_0000_00_00_000-ec9c890f,0,bonafide,train
27.02.19/1_01_0070_0000_00_00_000-5ed95d8c,0,bonafide,train
27.02.19/1_01_0070_0000_00_01_000-e8642071,0,bonafide,train
27.02.19/1_01_0070_0000_00_01_000-a4a25cda,0,bonafide,train
06.03.19/1_02_0070_0000_00_00_000-801bbdb0,0,bonafide,train
06.03.19/1_02_0070_0000_00_00_000-0ef1a242,0,bonafide,train
06.03.19/1_02_0070_0000_00_01_000-bd7ed0e2,0,bonafide,train
06.03.19/1_02_0070_0000_00_01_000-40fbc855,0,bonafide,train
11.03.19/1_03_0070_0000_00_00_000-d48c9a60,0,bonafide,train
11.03.19/1_03_0070_0000_00_00_000-a9380117,0,bonafide,train
11.03.19/1_03_0070_0000_00_01_000-a7ded016,0,bonafide,train
11.03.19/1_03_0070_0000_00_01_000-4da812f0,0,bonafide,train
27.02.19/1_01_0080_0000_00_00_000-9f26437a,0,bonafide,train
27.02.19/1_01_0080_0000_00_00_000-0c832328,0,bonafide,train
05.03.19/1_02_0080_0000_00_00_000-de143fd7,0,bonafide,train
05.03.19/1_02_0080_0000_00_00_000-6a792174,0,bonafide,train
11.03.19/1_03_0080_0000_00_00_000-a6e6e9bf,0,bonafide,train
11.03.19/1_03_0080_0000_00_00_000-b81d7565,0,bonafide,train
27.02.19/1_01_0071_0000_00_00_000-809d030f,0,bonafide,train
27.02.19/1_01_0071_0000_00_00_000-775b9821,0,bonafide,train
27.02.19/1_01_0071_0000_00_01_000-a4b3b570,0,bonafide,train
27.02.19/1_01_0071_0000_00_01_000-73870eac,0,bonafide,train
05.03.19/1_02_0071_0000_00_00_000-16f1dff5,0,bonafide,train
05.03.19/1_02_0071_0000_00_00_000-12bffe12,0,bonafide,train
11.03.19/1_03_0071_0000_00_00_000-c924f518,0,bonafide,train
11.03.19/1_03_0071_0000_00_00_000-7ce4ab3b,0,bonafide,train
11.03.19/1_03_0071_0000_00_01_000-b5f79b5e,0,bonafide,train
11.03.19/1_03_0071_0000_00_01_000-16b9b72f,0,bonafide,train
11.03.19/1_02_0071_0000_00_01_000-425dc2a8,0,bonafide,train
11.03.19/1_02_0071_0000_00_01_000-719beb1c,0,bonafide,train
27.02.19/1_01_0513_0081_01_01_002-65d0fb69,1,attack/Glasses,train
27.02.19/1_01_0513_0081_01_01_002-323d44da,1,attack/Glasses,train
06.03.19/1_02_0513_0091_01_01_002-590d0801,1,attack/Glasses,train
06.03.19/1_02_0513_0091_01_01_002-3cc089b7,1,attack/Glasses,train
05.03.19/1_02_0513_0085_01_01_002-6b9859cb,1,attack/Glasses,train
05.03.19/1_02_0513_0085_01_01_002-f0ae9614,1,attack/Glasses,train
11.03.19/1_03_0513_0094_01_01_002-a1b5ffcb,1,attack/Glasses,train
11.03.19/1_03_0513_0094_01_01_002-4af776cd,1,attack/Glasses,train
12.03.19/1_03_0513_0014_01_01_002-9d0abc37,1,attack/Glasses,train
12.03.19/1_03_0513_0014_01_01_002-68388662,1,attack/Glasses,train
15.03.19/1_01_0513_0073_01_01_002-deea2d0b,1,attack/Glasses,train
15.03.19/1_01_0513_0073_01_01_002-12cb61e8,1,attack/Glasses,train
27.02.19/1_01_0029_0000_00_00_000-d00491e2,0,bonafide,train
27.02.19/1_01_0029_0000_00_00_000-bcaf8b5a,0,bonafide,train
27.02.19/1_01_0029_0000_00_01_000-80cc1f40,0,bonafide,train
27.02.19/1_01_0029_0000_00_01_000-967cf5e5,0,bonafide,train
06.03.19/1_02_0029_0000_00_00_000-c2bbce26,0,bonafide,train
06.03.19/1_02_0029_0000_00_00_000-15c23b58,0,bonafide,train
06.03.19/1_02_0029_0000_00_01_000-ed9c7288,0,bonafide,train
06.03.19/1_02_0029_0000_00_01_000-50673af4,0,bonafide,train
12.03.19/1_03_0029_0000_00_00_000-8e692197,0,bonafide,train
12.03.19/1_03_0029_0000_00_00_000-12756cd8,0,bonafide,train
12.03.19/1_03_0029_0000_00_01_000-eaca9e14,0,bonafide,train
12.03.19/1_03_0029_0000_00_01_000-7504ca75,0,bonafide,train
13.03.19/1_01_0029_0000_00_00_000-bafdf791,0,bonafide,train
13.03.19/1_01_0029_0000_00_00_000-d2bbaec6,0,bonafide,train
27.02.19/1_01_0083_0000_00_00_000-76beb2d5,0,bonafide,train
27.02.19/1_01_0083_0000_00_00_000-eeedfcd4,0,bonafide,train
05.03.19/1_02_0083_0000_00_00_000-536b335c,0,bonafide,train
05.03.19/1_02_0083_0000_00_00_000-6287b8ac,0,bonafide,train
12.03.19/1_03_0083_0000_00_00_000-39b77985,0,bonafide,train
12.03.19/1_03_0083_0000_00_00_000-421450cd,0,bonafide,train
11.10.19/1_01_0083_0000_00_00_000-21b44038,0,bonafide,train
11.10.19/1_01_0083_0000_00_00_000-5e29704e,0,bonafide,train
01.03.19/1_01_0007_0000_00_00_000-80fc0e92,0,bonafide,train
01.03.19/1_01_0007_0000_00_00_000-1e82d251,0,bonafide,train
01.03.19/1_01_0007_0000_00_01_000-08f07a73,0,bonafide,train
01.03.19/1_01_0007_0000_00_01_000-cb571fde,0,bonafide,train
05.03.19/1_02_0007_0000_00_00_000-cdde7164,0,bonafide,train
05.03.19/1_02_0007_0000_00_00_000-363ab09c,0,bonafide,train
05.03.19/1_02_0007_0000_00_01_000-12d5b9a9,0,bonafide,train
05.03.19/1_02_0007_0000_00_01_000-d7881313,0,bonafide,train
12.03.19/1_03_0007_0000_00_00_000-65433c23,0,bonafide,train
12.03.19/1_03_0007_0000_00_00_000-a5e3d7ef,0,bonafide,train
12.03.19/1_03_0007_0000_00_01_000-aad34df5,0,bonafide,train
12.03.19/1_03_0007_0000_00_01_000-ad7568fd,0,bonafide,train
22.03.19/1_01_0007_0000_00_00_000-5695a795,0,bonafide,train
22.03.19/1_01_0007_0000_00_00_000-d8a47308,0,bonafide,train
26.03.19/1_01_0007_0000_00_00_000-6f7196cf,0,bonafide,train
26.03.19/1_01_0007_0000_00_00_000-3765c418,0,bonafide,train
08.10.19/1_01_0007_0000_00_00_000-5fe78b1f,0,bonafide,train
08.10.19/1_01_0007_0000_00_00_000-e2128e4a,0,bonafide,train
01.03.19/1_02_0514_0065_01_01_003-052dd900,1,attack/Glasses,train
01.03.19/1_02_0514_0065_01_01_003-11c485fa,1,attack/Glasses,train
01.03.19/1_01_0514_0028_01_01_003-49815e28,1,attack/Glasses,train
01.03.19/1_01_0514_0028_01_01_003-052434b6,1,attack/Glasses,train
01.03.19/1_01_0514_0006_01_01_003-f8e8949a,1,attack/Glasses,train
01.03.19/1_01_0514_0006_01_01_003-782f3dd9,1,attack/Glasses,train
06.03.19/1_02_0514_0073_01_01_003-78c7a6b1,1,attack/Glasses,train
06.03.19/1_02_0514_0073_01_01_003-84687b90,1,attack/Glasses,train
12.03.19/1_03_0514_0079_01_01_003-e71a8268,1,attack/Glasses,train
12.03.19/1_03_0514_0079_01_01_003-2ce1d862,1,attack/Glasses,train
12.03.19/1_03_0514_0084_01_01_003-c3c551ef,1,attack/Glasses,train
12.03.19/1_03_0514_0084_01_01_003-c9cc984c,1,attack/Glasses,train
01.03.19/1_01_0006_0000_00_00_000-0a292ef3,0,bonafide,train
01.03.19/1_01_0006_0000_00_00_000-21822e43,0,bonafide,train
08.03.19/1_02_0006_0000_00_00_000-4ac1ccc9,0,bonafide,train
08.03.19/1_02_0006_0000_00_00_000-e577cd1c,0,bonafide,train
15.03.19/1_03_0006_0000_00_00_000-86473747,0,bonafide,train
15.03.19/1_03_0006_0000_00_00_000-be8476b7,0,bonafide,train
21.03.19/1_01_0006_0000_00_00_000-f2beec8c,0,bonafide,train
21.03.19/1_01_0006_0000_00_00_000-b9adecf8,0,bonafide,train
25.03.19/1_01_0006_0000_00_00_000-f9f1aca7,0,bonafide,train
25.03.19/1_01_0006_0000_00_00_000-f28229a4,0,bonafide,train
01.03.19/1_01_0091_0000_00_00_000-cf2ae795,0,bonafide,train
01.03.19/1_01_0091_0000_00_00_000-a970bade,0,bonafide,train
01.03.19/1_01_0091_0000_00_01_000-26a1cb52,0,bonafide,train
01.03.19/1_01_0091_0000_00_01_000-2d8a528b,0,bonafide,train
06.03.19/1_02_0091_0000_00_00_000-56b56a48,0,bonafide,train
06.03.19/1_02_0091_0000_00_00_000-13641456,0,bonafide,train
06.03.19/1_02_0091_0000_00_01_000-f72fa155,0,bonafide,train
06.03.19/1_02_0091_0000_00_01_000-d18d28b0,0,bonafide,train
12.03.19/1_03_0091_0000_00_00_000-ed94c80a,0,bonafide,train
12.03.19/1_03_0091_0000_00_00_000-2b8ab3d8,0,bonafide,train
12.03.19/1_03_0091_0000_00_01_000-cccec7d6,0,bonafide,train
12.03.19/1_03_0091_0000_00_01_000-8705673e,0,bonafide,train
13.03.19/1_01_1202_0012_10_01_002-f7dddc05,1,attack/Makeup,train
13.03.19/1_01_1202_0012_10_01_002-976c02a7,1,attack/Makeup,train
13.03.19/1_02_1202_0012_10_01_002-5e776f18,1,attack/Makeup,train
13.03.19/1_02_1202_0012_10_01_002-92481803,1,attack/Makeup,train
13.03.19/1_03_1202_0012_10_01_002-a52518bf,1,attack/Makeup,train
13.03.19/1_03_1202_0012_10_01_002-31fe6b7e,1,attack/Makeup,train
13.03.19/1_01_1204_0064_10_01_004-0037b1f5,1,attack/Makeup,train
13.03.19/1_01_1204_0064_10_01_004-a755af6b,1,attack/Makeup,train
13.03.19/1_02_1204_0064_10_01_004-10d64909,1,attack/Makeup,train
13.03.19/1_02_1204_0064_10_01_004-75740cad,1,attack/Makeup,train
13.03.19/1_03_1204_0064_10_01_004-4a8963b4,1,attack/Makeup,train
13.03.19/1_03_1204_0064_10_01_004-0e236fb4,1,attack/Makeup,train
13.03.19/1_01_1205_0062_10_01_005-df98e7be,1,attack/Makeup,train
13.03.19/1_01_1205_0062_10_01_005-6b8b5f23,1,attack/Makeup,train
13.03.19/1_02_1205_0062_10_01_005-29c40f56,1,attack/Makeup,train
13.03.19/1_02_1205_0062_10_01_005-d4791a16,1,attack/Makeup,train
13.03.19/1_03_1205_0062_10_01_005-05a568f3,1,attack/Makeup,train
13.03.19/1_03_1205_0062_10_01_005-85743ec2,1,attack/Makeup,train
13.03.19/1_01_1206_0029_10_01_006-97054f79,1,attack/Makeup,train
13.03.19/1_01_1206_0029_10_01_006-55ac27e3,1,attack/Makeup,train
13.03.19/1_02_1206_0029_10_01_006-b38c8f91,1,attack/Makeup,train
13.03.19/1_02_1206_0029_10_01_006-2ce6f44a,1,attack/Makeup,train
13.03.19/1_03_1206_0029_10_01_006-361fe106,1,attack/Makeup,train
13.03.19/1_03_1206_0029_10_01_006-465b37aa,1,attack/Makeup,train
14.03.19/1_01_2203_0038_10_06_003-6e128e92,1,attack/Makeup,train
14.03.19/1_01_2203_0038_10_06_003-8aa7ca0a,1,attack/Makeup,train
14.03.19/1_01_2203_0038_10_06_003-6aa04ccd,1,attack/Makeup,train
14.03.19/1_02_2203_0038_10_06_003-58f65809,1,attack/Makeup,train
14.03.19/1_02_2203_0038_10_06_003-355ad06f,1,attack/Makeup,train
14.03.19/1_02_2203_0038_10_06_003-15716bf7,1,attack/Makeup,train
14.03.19/1_03_2203_0038_10_06_003-b54ef90b,1,attack/Makeup,train
14.03.19/1_03_2203_0038_10_06_003-99b96c1c,1,attack/Makeup,train
14.03.19/1_03_2203_0038_10_06_003-7150db87,1,attack/Makeup,train
14.03.19/1_01_1801_0018_10_04_001-a41d1735,1,attack/Makeup,train
14.03.19/1_01_1801_0018_10_04_001-dd7d263f,1,attack/Makeup,train
14.03.19/1_02_1801_0018_10_04_001-ca27f030,1,attack/Makeup,train
14.03.19/1_02_1801_0018_10_04_001-73cc53d1,1,attack/Makeup,train
14.03.19/1_03_1801_0018_10_04_001-9c8eea93,1,attack/Makeup,train
14.03.19/1_03_1801_0018_10_04_001-c1d484f1,1,attack/Makeup,train
14.03.19/1_01_1802_0076_10_04_002-5bffeba7,1,attack/Makeup,train
14.03.19/1_01_1802_0076_10_04_002-0fcc1592,1,attack/Makeup,train
14.03.19/1_02_1802_0076_10_04_002-855cef14,1,attack/Makeup,train
14.03.19/1_02_1802_0076_10_04_002-455471a6,1,attack/Makeup,train
14.03.19/1_03_1802_0076_10_04_002-2758d9d5,1,attack/Makeup,train
14.03.19/1_03_1802_0076_10_04_002-7148dc07,1,attack/Makeup,train
14.03.19/1_01_1803_0022_10_04_003-6adc426c,1,attack/Makeup,train
14.03.19/1_01_1803_0022_10_04_003-ca5b3e66,1,attack/Makeup,train
14.03.19/1_02_1803_0022_10_04_003-09c87a77,1,attack/Makeup,train
14.03.19/1_02_1803_0022_10_04_003-a2b56641,1,attack/Makeup,train
14.03.19/1_03_1803_0022_10_04_003-bfad3171,1,attack/Makeup,train
14.03.19/1_03_1803_0022_10_04_003-a5037220,1,attack/Makeup,train
14.03.19/1_01_1804_0019_10_04_004-4b36f138,1,attack/Makeup,train
14.03.19/1_01_1804_0019_10_04_004-7f281ac2,1,attack/Makeup,train
14.03.19/1_02_1804_0019_10_04_004-a4aed75d,1,attack/Makeup,train
14.03.19/1_02_1804_0019_10_04_004-807a5f72,1,attack/Makeup,train
14.03.19/1_03_1804_0019_10_04_004-2bbfa4db,1,attack/Makeup,train
14.03.19/1_03_1804_0019_10_04_004-a39601a3,1,attack/Makeup,train
21.03.19/1_01_1207_0002_10_01_007-703d7ee4,1,attack/Makeup,train
21.03.19/1_01_1207_0002_10_01_007-629cee2a,1,attack/Makeup,train
21.03.19/1_02_1207_0002_10_01_007-9898ba2a,1,attack/Makeup,train
21.03.19/1_02_1207_0002_10_01_007-907d6bfd,1,attack/Makeup,train
21.03.19/1_03_1207_0002_10_01_007-07b37c39,1,attack/Makeup,train
21.03.19/1_03_1207_0002_10_01_007-48c4e887,1,attack/Makeup,train
21.03.19/1_01_1208_0074_10_01_008-a4364569,1,attack/Makeup,train
21.03.19/1_01_1208_0074_10_01_008-77228553,1,attack/Makeup,train
21.03.19/1_02_1208_0074_10_01_008-723aa055,1,attack/Makeup,train
21.03.19/1_02_1208_0074_10_01_008-389137a7,1,attack/Makeup,train
21.03.19/1_03_1208_0074_10_01_008-061aa79d,1,attack/Makeup,train
21.03.19/1_03_1208_0074_10_01_008-fa1b940a,1,attack/Makeup,train
21.03.19/1_01_1209_0006_10_01_009-ed439a13,1,attack/Makeup,train
21.03.19/1_01_1209_0006_10_01_009-3a6fca25,1,attack/Makeup,train
21.03.19/1_02_1209_0006_10_01_009-01e00a00,1,attack/Makeup,train
21.03.19/1_02_1209_0006_10_01_009-46474707,1,attack/Makeup,train
21.03.19/1_03_1209_0006_10_01_009-d1a95a4b,1,attack/Makeup,train
21.03.19/1_03_1209_0006_10_01_009-659f13ae,1,attack/Makeup,train
21.03.19/1_01_1210_0081_10_01_010-a9cb85e9,1,attack/Makeup,train
21.03.19/1_01_1210_0081_10_01_010-82429838,1,attack/Makeup,train
21.03.19/1_02_1210_0081_10_01_010-01e33300,1,attack/Makeup,train
21.03.19/1_02_1210_0081_10_01_010-99e214b5,1,attack/Makeup,train
21.03.19/1_03_1210_0081_10_01_010-d1eb280b,1,attack/Makeup,train
21.03.19/1_03_1210_0081_10_01_010-d8b71f46,1,attack/Makeup,train
21.03.19/1_01_1211_0004_10_01_011-8fa39fe8,1,attack/Makeup,train
21.03.19/1_01_1211_0004_10_01_011-87988704,1,attack/Makeup,train
21.03.19/1_02_1211_0004_10_01_011-ef2a3488,1,attack/Makeup,train
21.03.19/1_02_1211_0004_10_01_011-e715ac5f,1,attack/Makeup,train
21.03.19/1_03_1211_0004_10_01_011-4f5a835a,1,attack/Makeup,train
21.03.19/1_03_1211_0004_10_01_011-7d6a5d26,1,attack/Makeup,train
21.03.19/1_01_1212_0019_10_01_012-6a2cb827,1,attack/Makeup,train
21.03.19/1_01_1212_0019_10_01_012-8516ca25,1,attack/Makeup,train
21.03.19/1_02_1212_0019_10_01_012-0f0a4705,1,attack/Makeup,train
21.03.19/1_02_1212_0019_10_01_012-4ebdefcb,1,attack/Makeup,train
21.03.19/1_03_1212_0019_10_01_012-128bc298,1,attack/Makeup,train
21.03.19/1_03_1212_0019_10_01_012-11e4d3e6,1,attack/Makeup,train
22.03.19/1_01_2206_0019_10_06_006-0da45ce8,1,attack/Makeup,train
22.03.19/1_01_2206_0019_10_06_006-97d3d73e,1,attack/Makeup,train
22.03.19/1_01_2206_0019_10_06_006-12f31bb8,1,attack/Makeup,train
22.03.19/1_02_2206_0019_10_06_006-9ffa9020,1,attack/Makeup,train
22.03.19/1_02_2206_0019_10_06_006-3b678354,1,attack/Makeup,train
22.03.19/1_02_2206_0019_10_06_006-51f0e8d2,1,attack/Makeup,train
22.03.19/1_03_2206_0019_10_06_006-1ea64dcf,1,attack/Makeup,train
22.03.19/1_03_2206_0019_10_06_006-158fb48f,1,attack/Makeup,train
22.03.19/1_03_2206_0019_10_06_006-02718695,1,attack/Makeup,train
22.03.19/1_01_1805_0007_10_04_005-4e12f131,1,attack/Makeup,train
22.03.19/1_01_1805_0007_10_04_005-b73962ec,1,attack/Makeup,train
22.03.19/1_02_1805_0007_10_04_005-17d4dc60,1,attack/Makeup,train
22.03.19/1_02_1805_0007_10_04_005-abf263d8,1,attack/Makeup,train
22.03.19/1_03_1805_0007_10_04_005-2f2c9a8b,1,attack/Makeup,train
22.03.19/1_03_1805_0007_10_04_005-5953e910,1,attack/Makeup,train
22.03.19/1_01_1806_0018_10_04_006-e4ef6d1d,1,attack/Makeup,train
22.03.19/1_01_1806_0018_10_04_006-74aa8b15,1,attack/Makeup,train
22.03.19/1_02_1806_0018_10_04_006-2d736711,1,attack/Makeup,train
22.03.19/1_02_1806_0018_10_04_006-8b40aeff,1,attack/Makeup,train
22.03.19/1_03_1806_0018_10_04_006-f730b9a3,1,attack/Makeup,train
22.03.19/1_03_1806_0018_10_04_006-4c4b4919,1,attack/Makeup,train
22.03.19/1_01_1807_0064_10_04_007-39852db6,1,attack/Makeup,train
22.03.19/1_01_1807_0064_10_04_007-4453a751,1,attack/Makeup,train
22.03.19/1_02_1807_0064_10_04_007-33da71d9,1,attack/Makeup,train
22.03.19/1_02_1807_0064_10_04_007-fb478e07,1,attack/Makeup,train
22.03.19/1_03_1807_0064_10_04_007-c6266106,1,attack/Makeup,train
22.03.19/1_03_1807_0064_10_04_007-ab77efdb,1,attack/Makeup,train
25.03.19/1_01_0802_0006_09_00_002-0c8248e7,1,attack/Tattoo,train
25.03.19/1_01_0802_0006_09_00_002-5e8000d6,1,attack/Tattoo,train
25.03.19/1_02_0802_0006_09_00_002-5d589e27,1,attack/Tattoo,train
25.03.19/1_02_0802_0006_09_00_002-7b95ab25,1,attack/Tattoo,train
25.03.19/1_03_0802_0006_09_00_002-8c0396c8,1,attack/Tattoo,train
25.03.19/1_03_0802_0006_09_00_002-9207ceae,1,attack/Tattoo,train
26.03.19/1_01_0805_0014_09_00_005-880f7db4,1,attack/Tattoo,train
26.03.19/1_01_0805_0014_09_00_005-6e619252,1,attack/Tattoo,train
26.03.19/1_02_0805_0014_09_00_005-e64493e6,1,attack/Tattoo,train
26.03.19/1_02_0805_0014_09_00_005-15e75f61,1,attack/Tattoo,train
26.03.19/1_03_0805_0014_09_00_005-0450b732,1,attack/Tattoo,train
26.03.19/1_03_0805_0014_09_00_005-1f739b76,1,attack/Tattoo,train
26.03.19/1_01_0808_0081_09_00_008-4ce5fb59,1,attack/Tattoo,train
26.03.19/1_01_0808_0081_09_00_008-56f92142,1,attack/Tattoo,train
26.03.19/1_02_0808_0081_09_00_008-d3fb5cc7,1,attack/Tattoo,train
26.03.19/1_02_0808_0081_09_00_008-9cc8e1cd,1,attack/Tattoo,train
26.03.19/1_03_0808_0081_09_00_008-c6626936,1,attack/Tattoo,train
26.03.19/1_03_0808_0081_09_00_008-61677852,1,attack/Tattoo,train
29.03.19/1_01_0811_0068_09_00_011-933593f2,1,attack/Tattoo,train
29.03.19/1_01_0811_0068_09_00_011-aeb40f1d,1,attack/Tattoo,train
29.03.19/1_02_0811_0068_09_00_011-ea286991,1,attack/Tattoo,train
29.03.19/1_02_0811_0068_09_00_011-0a334fab,1,attack/Tattoo,train
29.03.19/1_03_0811_0068_09_00_011-a5fa5aa8,1,attack/Tattoo,train
29.03.19/1_03_0811_0068_09_00_011-a77c4e1d,1,attack/Tattoo,train
11.10.19/1_01_0201_0000_00_00_000-2ea0ec28,0,bonafide,train
11.10.19/1_01_0201_0000_00_00_000-6c26a504,0,bonafide,train
11.10.19/1_02_0201_0000_00_00_000-38ce05e5,0,bonafide,train
11.10.19/1_02_0201_0000_00_00_000-6a1ad195,0,bonafide,train
11.10.19/1_03_0201_0000_00_00_000-390b9e9c,0,bonafide,train
11.10.19/1_03_0201_0000_00_00_000-2b607816,0,bonafide,train
11.10.19/1_01_2805_0201_10_09_005-5ee9af5f,1,attack/Makeup,train
11.10.19/1_01_2805_0201_10_09_005-1de21b4b,1,attack/Makeup,train
11.10.19/1_02_2805_0201_10_09_005-ffcc88b6,1,attack/Makeup,train
11.10.19/1_02_2805_0201_10_09_005-cf074d62,1,attack/Makeup,train
11.10.19/1_03_2805_0201_10_09_005-ce9385ac,1,attack/Makeup,train
11.10.19/1_03_2805_0201_10_09_005-cdbff63a,1,attack/Makeup,train
11.10.19/1_01_1424_0084_10_02_024-e4369521,1,attack/Makeup,train
11.10.19/1_01_1424_0084_10_02_024-f3c978d2,1,attack/Makeup,train
11.10.19/1_02_1424_0084_10_02_024-96900889,1,attack/Makeup,train
11.10.19/1_02_1424_0084_10_02_024-cd3a8102,1,attack/Makeup,train
11.10.19/1_03_1424_0084_10_02_024-176ad786,1,attack/Makeup,train
11.10.19/1_03_1424_0084_10_02_024-d4fda166,1,attack/Makeup,train
11.10.19/1_01_2806_0200_10_09_006-db0f7a6f,1,attack/Makeup,train
11.10.19/1_01_2806_0200_10_09_006-2d6b4bfc,1,attack/Makeup,train
11.10.19/1_02_2806_0200_10_09_006-71542ca6,1,attack/Makeup,train
11.10.19/1_02_2806_0200_10_09_006-ca612c44,1,attack/Makeup,train
11.10.19/1_03_2806_0200_10_09_006-d42f1afb,1,attack/Makeup,train
11.10.19/1_03_2806_0200_10_09_006-e4959c79,1,attack/Makeup,train
11.10.19/1_01_1425_0082_10_02_025-2d0afed5,1,attack/Makeup,train
11.10.19/1_01_1425_0082_10_02_025-a53998c4,1,attack/Makeup,train
11.10.19/1_02_1425_0082_10_02_025-be774b14,1,attack/Makeup,train
11.10.19/1_02_1425_0082_10_02_025-d41a73a3,1,attack/Makeup,train
11.10.19/1_03_1425_0082_10_02_025-277c7975,1,attack/Makeup,train
11.10.19/1_03_1425_0082_10_02_025-499415a0,1,attack/Makeup,train
08.10.19/1_01_2603_0096_10_08_003-c002fd2e,1,attack/Makeup,train
08.10.19/1_01_2603_0096_10_08_003-54027f6e,1,attack/Makeup,train
08.10.19/1_02_2603_0096_10_08_003-c293b5d5,1,attack/Makeup,train
08.10.19/1_02_2603_0096_10_08_003-73afe783,1,attack/Makeup,train
08.10.19/1_03_2603_0096_10_08_003-70c9b2d5,1,attack/Makeup,train
08.10.19/1_03_2603_0096_10_08_003-ef2fe3ee,1,attack/Makeup,train
08.10.19/1_01_1218_0062_10_01_018-a2f1bb25,1,attack/Makeup,train
08.10.19/1_01_1218_0062_10_01_018-8dc876d7,1,attack/Makeup,train
08.10.19/1_02_1218_0062_10_01_018-a2dd77ed,1,attack/Makeup,train
08.10.19/1_02_1218_0062_10_01_018-2dbea245,1,attack/Makeup,train
08.10.19/1_03_1218_0062_10_01_018-0ddb0455,1,attack/Makeup,train
08.10.19/1_03_1218_0062_10_01_018-5f1f9edf,1,attack/Makeup,train
08.10.19/1_01_1219_0007_10_01_019-3fe737d9,1,attack/Makeup,train
08.10.19/1_01_1219_0007_10_01_019-c2ab4aaf,1,attack/Makeup,train
08.10.19/1_02_1219_0007_10_01_019-ecfcf6b8,1,attack/Makeup,train
08.10.19/1_02_1219_0007_10_01_019-93ab2838,1,attack/Makeup,train
08.10.19/1_03_1219_0007_10_01_019-536c5510,1,attack/Makeup,train
08.10.19/1_03_1219_0007_10_01_019-2a6a8e7e,1,attack/Makeup,train
07.10.19/1_01_0095_0000_00_00_000-e14fce07,0,bonafide,train
07.10.19/1_01_0095_0000_00_00_000-e076755c,0,bonafide,train
07.10.19/1_01_0095_0000_00_01_000-18471808,0,bonafide,train
07.10.19/1_01_0095_0000_00_01_000-8e3a6d72,0,bonafide,train
07.10.19/1_02_0095_0000_00_01_000-ca25deb4,0,bonafide,train
07.10.19/1_02_0095_0000_00_01_000-3517f883,0,bonafide,train
07.10.19/1_02_0095_0000_00_00_000-9789194c,0,bonafide,train
07.10.19/1_02_0095_0000_00_00_000-5b942440,0,bonafide,train
07.10.19/1_03_0095_0000_00_00_000-35a6060c,0,bonafide,train
07.10.19/1_03_0095_0000_00_00_000-b229f6ce,0,bonafide,train
07.10.19/1_03_0095_0000_00_01_000-698216e6,0,bonafide,train
07.10.19/1_03_0095_0000_00_01_000-2e3d79c4,0,bonafide,train
07.10.19/1_01_1416_0068_10_02_016-462fe937,1,attack/Makeup,train
07.10.19/1_01_1416_0068_10_02_016-c9779ee2,1,attack/Makeup,train
07.10.19/1_02_1416_0068_10_02_016-51c499e8,1,attack/Makeup,train
07.10.19/1_02_1416_0068_10_02_016-5a6a8102,1,attack/Makeup,train
07.10.19/1_03_1416_0068_10_02_016-df68afef,1,attack/Makeup,train
07.10.19/1_03_1416_0068_10_02_016-f9773e56,1,attack/Makeup,train
07.10.19/1_01_1217_0038_10_01_017-ccb93ae3,1,attack/Makeup,train
07.10.19/1_01_1217_0038_10_01_017-97988231,1,attack/Makeup,train
07.10.19/1_02_1217_0038_10_01_017-f4ab4444,1,attack/Makeup,train
07.10.19/1_02_1217_0038_10_01_017-e3e91a46,1,attack/Makeup,train
07.10.19/1_03_1217_0038_10_01_017-ca9cc8e2,1,attack/Makeup,train
07.10.19/1_03_1217_0038_10_01_017-9f5bd655,1,attack/Makeup,train
26.02.19/1_01_0076_0000_00_00_000-27c20d95,0,bonafide,dev
26.02.19/1_01_0076_0000_00_00_000-aa0cc14a,0,bonafide,dev
26.02.19/1_01_0076_0000_00_01_000-8e369ed0,0,bonafide,dev
26.02.19/1_01_0076_0000_00_01_000-fd5000df,0,bonafide,dev
05.03.19/1_02_0076_0000_00_00_000-5279a3e4,0,bonafide,dev
05.03.19/1_02_0076_0000_00_00_000-a3d2728b,0,bonafide,dev
05.03.19/1_02_0076_0000_00_01_000-030b0cbb,0,bonafide,dev
05.03.19/1_02_0076_0000_00_01_000-b93069a9,0,bonafide,dev
11.03.19/1_03_0076_0000_00_00_000-0c1a0d6e,0,bonafide,dev
11.03.19/1_03_0076_0000_00_00_000-646523cc,0,bonafide,dev
11.03.19/1_03_0076_0000_00_01_000-1ad35a4d,0,bonafide,dev
11.03.19/1_03_0076_0000_00_01_000-70ad6c7b,0,bonafide,dev
14.03.19/1_01_0076_0000_00_00_000-f10066a6,0,bonafide,dev
14.03.19/1_01_0076_0000_00_00_000-c996fd80,0,bonafide,dev
28.03.19/1_01_0076_0000_00_00_000-2c2c9402,0,bonafide,dev
28.03.19/1_01_0076_0000_00_00_000-7a0a71ae,0,bonafide,dev
26.02.19/1_01_0022_0000_00_00_000-5485ab24,0,bonafide,dev
26.02.19/1_01_0022_0000_00_00_000-c93667a3,0,bonafide,dev
07.03.19/1_02_0022_0000_00_00_000-b537cdac,0,bonafide,dev
07.03.19/1_02_0022_0000_00_00_000-f1c48b9c,0,bonafide,dev
14.03.19/1_01_0022_0000_00_00_000-3b9715ed,0,bonafide,dev
14.03.19/1_01_0022_0000_00_00_000-8c32fcb7,0,bonafide,dev
20.03.19/1_03_0022_0000_00_00_000-decba48c,0,bonafide,dev
20.03.19/1_03_0022_0000_00_00_000-17bdbd97,0,bonafide,dev
26.02.19/1_01_0065_0000_00_00_000-b8f8b5c4,0,bonafide,dev
26.02.19/1_01_0065_0000_00_00_000-831b153c,0,bonafide,dev
26.02.19/1_01_0065_0000_00_01_000-763dd95b,0,bonafide,dev
26.02.19/1_01_0065_0000_00_01_000-5be174c0,0,bonafide,dev
01.03.19/1_02_0065_0000_00_00_000-7c456354,0,bonafide,dev
01.03.19/1_02_0065_0000_00_00_000-2e8825b1,0,bonafide,dev
01.03.19/1_02_0065_0000_00_01_000-405f5b66,0,bonafide,dev
01.03.19/1_02_0065_0000_00_01_000-45ac3e52,0,bonafide,dev
08.03.19/1_03_0065_0000_00_00_000-ab2d0deb,0,bonafide,dev
08.03.19/1_03_0065_0000_00_00_000-ff44b624,0,bonafide,dev
07.10.19/1_01_0065_0000_00_00_000-b2986b9d,0,bonafide,dev
07.10.19/1_01_0065_0000_00_00_000-1a2eea79,0,bonafide,dev
26.02.19/1_01_0018_0000_00_00_000-0d2b2d06,0,bonafide,dev
26.02.19/1_01_0018_0000_00_00_000-aad4322e,0,bonafide,dev
05.03.19/1_02_0018_0000_00_00_000-c5f742bc,0,bonafide,dev
05.03.19/1_02_0018_0000_00_00_000-04169d31,0,bonafide,dev
11.03.19/1_03_0018_0000_00_00_000-a7fbf4a8,0,bonafide,dev
11.03.19/1_03_0018_0000_00_00_000-cda3649a,0,bonafide,dev
14.03.19/1_01_0018_0000_00_00_000-f0ac86c2,0,bonafide,dev
14.03.19/1_01_0018_0000_00_00_000-6e9d878b,0,bonafide,dev
22.03.19/1_01_0018_0000_00_00_000-e0957278,0,bonafide,dev
22.03.19/1_01_0018_0000_00_00_000-39b4ed81,0,bonafide,dev
26.03.19/1_01_0018_0000_00_00_000-cf86648c,0,bonafide,dev
26.03.19/1_01_0018_0000_00_00_000-cd8f2b06,0,bonafide,dev
08.10.19/1_01_0018_0000_00_00_000-7ace7860,0,bonafide,dev
08.10.19/1_01_0018_0000_00_00_000-9f2d13b3,0,bonafide,dev
28.02.19/1_01_0534_0086_01_02_001-1c6ac6b1,1,attack/Glasses,dev
28.02.19/1_01_0534_0086_01_02_001-922e0d02,1,attack/Glasses,dev
28.02.19/1_01_0534_0089_01_02_001-3c213b77,1,attack/Glasses,dev
28.02.19/1_01_0534_0089_01_02_001-dacf505f,1,attack/Glasses,dev
06.03.19/1_02_0534_0082_01_02_001-dda5a7ae,1,attack/Glasses,dev
06.03.19/1_02_0534_0082_01_02_001-7bec4d8e,1,attack/Glasses,dev
06.03.19/1_02_0534_0090_01_02_001-2f15637e,1,attack/Glasses,dev
06.03.19/1_02_0534_0090_01_02_001-33f94e85,1,attack/Glasses,dev
07.03.19/1_01_0534_0022_01_02_001-d8e38ed4,1,attack/Glasses,dev
07.03.19/1_01_0534_0022_01_02_001-0ff23b1a,1,attack/Glasses,dev
08.03.19/1_02_0534_0001_01_02_001-b71adadf,1,attack/Glasses,dev
08.03.19/1_02_0534_0001_01_02_001-9b3deaac,1,attack/Glasses,dev
08.03.19/1_02_0534_0006_01_02_001-8795341b,1,attack/Glasses,dev
08.03.19/1_02_0534_0006_01_02_001-31769050,1,attack/Glasses,dev
11.03.19/1_03_0534_0001_01_02_001-df8a2019,1,attack/Glasses,dev
11.03.19/1_03_0534_0001_01_02_001-7e38d762,1,attack/Glasses,dev
11.03.19/1_03_0534_0080_01_02_001-529e3621,1,attack/Glasses,dev
11.03.19/1_03_0534_0080_01_02_001-4f387ff7,1,attack/Glasses,dev
11.03.19/1_03_0534_0094_01_02_001-f356974d,1,attack/Glasses,dev
11.03.19/1_03_0534_0094_01_02_001-0fd6c6bc,1,attack/Glasses,dev
15.03.19/1_01_0534_0073_01_02_001-c164b5c2,1,attack/Glasses,dev
15.03.19/1_01_0534_0073_01_02_001-80de1b77,1,attack/Glasses,dev
15.03.19/1_03_0534_0028_01_02_001-02b75cf8,1,attack/Glasses,dev
15.03.19/1_03_0534_0028_01_02_001-aad947f2,1,attack/Glasses,dev
15.03.19/1_03_0534_0087_01_02_001-3f048bf4,1,attack/Glasses,dev
15.03.19/1_03_0534_0087_01_02_001-e990c1f5,1,attack/Glasses,dev
28.02.19/1_01_0087_0000_00_00_000-7edaffe9,0,bonafide,dev
28.02.19/1_01_0087_0000_00_00_000-8473ff74,0,bonafide,dev
28.02.19/1_01_0087_0000_00_01_000-0c798c82,0,bonafide,dev
28.02.19/1_01_0087_0000_00_01_000-5035ad6c,0,bonafide,dev
05.03.19/1_02_0087_0000_00_00_000-b991513a,0,bonafide,dev
05.03.19/1_02_0087_0000_00_00_000-faa0772c,0,bonafide,dev
05.03.19/1_02_0087_0000_00_01_000-600b61d0,0,bonafide,dev
05.03.19/1_02_0087_0000_00_01_000-857a971c,0,bonafide,dev
15.03.19/1_03_0087_0000_00_00_000-0c229066,0,bonafide,dev
15.03.19/1_03_0087_0000_00_00_000-d090ce92,0,bonafide,dev
15.03.19/1_03_0087_0000_00_01_000-e4e10273,0,bonafide,dev
15.03.19/1_03_0087_0000_00_01_000-b709eac2,0,bonafide,dev
28.02.19/1_01_0089_0000_00_00_000-f38cdec4,0,bonafide,dev
28.02.19/1_01_0089_0000_00_00_000-ff6f17b0,0,bonafide,dev
05.03.19/1_02_0089_0000_00_00_000-cb4003d8,0,bonafide,dev
05.03.19/1_02_0089_0000_00_00_000-0e14cd1c,0,bonafide,dev
11.03.19/1_03_0089_0000_00_00_000-78273697,0,bonafide,dev
11.03.19/1_03_0089_0000_00_00_000-064926f3,0,bonafide,dev
27.02.19/1_01_0014_0000_00_00_000-d9cc0021,0,bonafide,dev
27.02.19/1_01_0014_0000_00_00_000-830b1354,0,bonafide,dev
06.03.19/1_02_0014_0000_00_00_000-8839f521,0,bonafide,dev
06.03.19/1_02_0014_0000_00_00_000-7e9abba7,0,bonafide,dev
12.03.19/1_03_0014_0000_00_00_000-88e1ef85,0,bonafide,dev
12.03.19/1_03_0014_0000_00_00_000-22ab0115,0,bonafide,dev
26.03.19/1_01_0014_0000_00_00_000-6f7ea414,0,bonafide,dev
26.03.19/1_01_0014_0000_00_00_000-69da19c5,0,bonafide,dev
27.02.19/1_01_0068_0000_00_00_000-72283101,0,bonafide,dev
27.02.19/1_01_0068_0000_00_00_000-68d13c0e,0,bonafide,dev
27.02.19/1_01_0068_0000_00_01_000-5a45fcc4,0,bonafide,dev
27.02.19/1_01_0068_0000_00_01_000-6b0c0730,0,bonafide,dev
06.03.19/1_02_0068_0000_00_00_000-39ead169,0,bonafide,dev
06.03.19/1_02_0068_0000_00_00_000-c1c48b90,0,bonafide,dev
06.03.19/1_02_0068_0000_00_01_000-8daa5035,0,bonafide,dev
06.03.19/1_02_0068_0000_00_01_000-d08e18fc,0,bonafide,dev
11.03.19/1_03_0068_0000_00_00_000-7776ab39,0,bonafide,dev
11.03.19/1_03_0068_0000_00_00_000-316e0d18,0,bonafide,dev
11.03.19/1_03_0068_0000_00_01_000-aab2cae7,0,bonafide,dev
11.03.19/1_03_0068_0000_00_01_000-dde509d8,0,bonafide,dev
13.03.19/1_01_0068_0000_00_00_000-031734c6,0,bonafide,dev
13.03.19/1_01_0068_0000_00_00_000-9bcc4094,0,bonafide,dev
29.03.19/1_01_0068_0000_00_00_000-1b9539d8,0,bonafide,dev
29.03.19/1_01_0068_0000_00_00_000-957be51d,0,bonafide,dev
07.10.19/1_01_0068_0000_00_00_000-ab87da68,0,bonafide,dev
07.10.19/1_01_0068_0000_00_00_000-553e558d,0,bonafide,dev
27.02.19/1_01_0030_0000_00_00_000-4a80c2c1,0,bonafide,dev
27.02.19/1_01_0030_0000_00_00_000-0bc18d73,0,bonafide,dev
27.02.19/1_01_0081_0000_00_00_000-e5c4342a,0,bonafide,dev
27.02.19/1_01_0081_0000_00_00_000-66b12455,0,bonafide,dev
27.02.19/1_01_0081_0000_00_01_000-c5551285,0,bonafide,dev
27.02.19/1_01_0081_0000_00_01_000-1197ffe9,0,bonafide,dev
06.03.19/1_02_0081_0000_00_00_000-2038d357,0,bonafide,dev
06.03.19/1_02_0081_0000_00_00_000-a72a4c2f,0,bonafide,dev
12.03.19/1_03_0081_0000_00_00_000-04e852c1,0,bonafide,dev
12.03.19/1_03_0081_0000_00_00_000-8b1a16db,0,bonafide,dev
12.03.19/1_03_0081_0000_00_01_000-e3862f88,0,bonafide,dev
12.03.19/1_03_0081_0000_00_01_000-ec0ae564,0,bonafide,dev
21.03.19/1_01_0081_0000_00_00_000-5ceb2714,0,bonafide,dev
21.03.19/1_01_0081_0000_00_00_000-9a80625c,0,bonafide,dev
26.03.19/1_01_0081_0000_00_00_000-6904ff04,0,bonafide,dev
26.03.19/1_01_0081_0000_00_00_000-c51e2766,0,bonafide,dev
01.03.19/1_01_0515_0019_01_01_004-41efc844,1,attack/Glasses,dev
01.03.19/1_01_0515_0019_01_01_004-e7a9276e,1,attack/Glasses,dev
01.03.19/1_01_0515_0034_01_01_004-cf7d3ec6,1,attack/Glasses,dev
01.03.19/1_01_0515_0034_01_01_004-5f9cb09f,1,attack/Glasses,dev
05.03.19/1_02_0515_0035_01_01_004-a7179131,1,attack/Glasses,dev
05.03.19/1_02_0515_0035_01_01_004-42671cc8,1,attack/Glasses,dev
07.03.19/1_02_0515_0092_01_01_004-5f8918e5,1,attack/Glasses,dev
07.03.19/1_02_0515_0092_01_01_004-24aaf4f5,1,attack/Glasses,dev
11.03.19/1_03_0515_0064_01_01_004-e87ac6db,1,attack/Glasses,dev
11.03.19/1_03_0515_0064_01_01_004-36e3c06c,1,attack/Glasses,dev
12.03.19/1_03_0515_0091_01_01_004-6f2cc510,1,attack/Glasses,dev
12.03.19/1_03_0515_0091_01_01_004-0edeabd9,1,attack/Glasses,dev
01.03.19/1_01_0090_0000_00_00_000-6238b878,0,bonafide,dev
01.03.19/1_01_0090_0000_00_00_000-887d03ca,0,bonafide,dev
06.03.19/1_02_0090_0000_00_00_000-d80b6f0f,0,bonafide,dev
06.03.19/1_02_0090_0000_00_00_000-18752a55,0,bonafide,dev
20.03.19/1_03_0090_0000_00_00_000-900cebe7,0,bonafide,dev
20.03.19/1_03_0090_0000_00_00_000-5acd6924,0,bonafide,dev
01.03.19/1_01_0034_0000_00_00_000-9b26d58c,0,bonafide,dev
01.03.19/1_01_0034_0000_00_00_000-bbda946f,0,bonafide,dev
01.03.19/1_01_0034_0000_00_01_000-b34aed13,0,bonafide,dev
01.03.19/1_01_0034_0000_00_01_000-aa08d63a,0,bonafide,dev
05.03.19/1_02_0034_0000_00_00_000-03ab7c21,0,bonafide,dev
05.03.19/1_02_0034_0000_00_00_000-3edb1a18,0,bonafide,dev
05.03.19/1_02_0034_0000_00_01_000-be3a59ea,0,bonafide,dev
05.03.19/1_02_0034_0000_00_01_000-356ed842,0,bonafide,dev
20.03.19/1_03_0034_0000_00_00_000-200c317e,0,bonafide,dev
20.03.19/1_03_0034_0000_00_00_000-9e359d21,0,bonafide,dev
20.03.19/1_03_0034_0000_00_01_000-4fb36e1e,0,bonafide,dev
20.03.19/1_03_0034_0000_00_01_000-d068f1e8,0,bonafide,dev
07.03.19/1_02_0094_0000_00_00_000-50789e99,0,bonafide,dev
07.03.19/1_02_0094_0000_00_00_000-757e5d80,0,bonafide,dev
07.03.19/1_02_0094_0000_00_01_000-16c47022,0,bonafide,dev
07.03.19/1_02_0094_0000_00_01_000-51a1b88a,0,bonafide,dev
11.03.19/1_03_0094_0000_00_00_000-22627119,0,bonafide,dev
11.03.19/1_03_0094_0000_00_00_000-87bda5b4,0,bonafide,dev
11.03.19/1_03_0094_0000_00_01_000-1d188c64,0,bonafide,dev
11.03.19/1_03_0094_0000_00_01_000-2c7aa13e,0,bonafide,dev
11.03.19/1_01_0094_0000_00_00_000-88933f21,0,bonafide,dev
11.03.19/1_01_0094_0000_00_01_000-51fbbc37,0,bonafide,dev
11.03.19/1_01_0094_0000_00_01_000-8a35c2b2,0,bonafide,dev
13.03.19/1_01_1201_0019_10_01_001-6e00e312,1,attack/Makeup,dev
13.03.19/1_01_1201_0019_10_01_001-70caf17a,1,attack/Makeup,dev
13.03.19/1_02_1201_0019_10_01_001-8b65ae15,1,attack/Makeup,dev
13.03.19/1_02_1201_0019_10_01_001-c9b29c22,1,attack/Makeup,dev
13.03.19/1_03_1201_0019_10_01_001-21b3e2f3,1,attack/Makeup,dev
13.03.19/1_03_1201_0019_10_01_001-4829e202,1,attack/Makeup,dev
13.03.19/1_01_1402_0012_10_02_002-b288a876,1,attack/Makeup,dev
13.03.19/1_01_1402_0012_10_02_002-524179fb,1,attack/Makeup,dev
13.03.19/1_02_1402_0012_10_02_002-f2cc82c0,1,attack/Makeup,dev
13.03.19/1_02_1402_0012_10_02_002-e3a72aa8,1,attack/Makeup,dev
13.03.19/1_03_1402_0012_10_02_002-0004959b,1,attack/Makeup,dev
13.03.19/1_03_1402_0012_10_02_002-6d08d3b6,1,attack/Makeup,dev
13.03.19/1_01_1203_0068_10_01_003-1cc0b030,1,attack/Makeup,dev
13.03.19/1_01_1203_0068_10_01_003-a7e85728,1,attack/Makeup,dev
13.03.19/1_02_1203_0068_10_01_003-57475dc7,1,attack/Makeup,dev
13.03.19/1_02_1203_0068_10_01_003-7f5c1ca7,1,attack/Makeup,dev
13.03.19/1_03_1203_0068_10_01_003-f21353c8,1,attack/Makeup,dev
13.03.19/1_03_1203_0068_10_01_003-8980a195,1,attack/Makeup,dev
13.03.19/1_01_1403_0068_10_02_003-6d032347,1,attack/Makeup,dev
13.03.19/1_01_1403_0068_10_02_003-ef2a2f11,1,attack/Makeup,dev
13.03.19/1_01_1403_0068_10_02_003-d14a8334,1,attack/Makeup,dev
13.03.19/1_02_1403_0068_10_02_003-9ae5a3b7,1,attack/Makeup,dev
13.03.19/1_02_1403_0068_10_02_003-70576393,1,attack/Makeup,dev
13.03.19/1_03_1403_0068_10_02_003-581a232e,1,attack/Makeup,dev
13.03.19/1_03_1403_0068_10_02_003-e7abfb37,1,attack/Makeup,dev
13.03.19/1_01_1404_0064_10_02_004-0eb81c8f,1,attack/Makeup,dev
13.03.19/1_01_1404_0064_10_02_004-c74c2c49,1,attack/Makeup,dev
13.03.19/1_02_1404_0064_10_02_004-f8805a6a,1,attack/Makeup,dev
13.03.19/1_02_1404_0064_10_02_004-449695e0,1,attack/Makeup,dev
13.03.19/1_03_1404_0064_10_02_004-fbbd10ec,1,attack/Makeup,dev
13.03.19/1_03_1404_0064_10_02_004-bcb15055,1,attack/Makeup,dev
13.03.19/1_01_1405_0062_10_02_005-de0107a0,1,attack/Makeup,dev
13.03.19/1_01_1405_0062_10_02_005-a8f49f11,1,attack/Makeup,dev
13.03.19/1_02_1405_0062_10_02_005-17bd22be,1,attack/Makeup,dev
13.03.19/1_02_1405_0062_10_02_005-f35e90a7,1,attack/Makeup,dev
13.03.19/1_03_1405_0062_10_02_005-d0cde27f,1,attack/Makeup,dev
13.03.19/1_03_1405_0062_10_02_005-539b8cf2,1,attack/Makeup,dev
13.03.19/1_01_1406_0029_10_02_006-94fb2217,1,attack/Makeup,dev
13.03.19/1_01_1406_0029_10_02_006-c6a478a0,1,attack/Makeup,dev
13.03.19/1_02_1406_0029_10_02_006-2b0e4932,1,attack/Makeup,dev
13.03.19/1_02_1406_0029_10_02_006-acacb407,1,attack/Makeup,dev
13.03.19/1_03_1406_0029_10_02_006-c3827270,1,attack/Makeup,dev
13.03.19/1_03_1406_0029_10_02_006-226c1acd,1,attack/Makeup,dev
14.03.19/1_01_2202_0004_10_06_002-536ca5ba,1,attack/Makeup,dev
14.03.19/1_01_2202_0004_10_06_002-07c893c7,1,attack/Makeup,dev
14.03.19/1_01_2202_0004_10_06_002-28eeb43c,1,attack/Makeup,dev
14.03.19/1_02_2202_0004_10_06_002-17936500,1,attack/Makeup,dev
14.03.19/1_02_2202_0004_10_06_002-257839dc,1,attack/Makeup,dev
14.03.19/1_02_2202_0004_10_06_002-98618ef1,1,attack/Makeup,dev
14.03.19/1_03_2202_0004_10_06_002-445d239d,1,attack/Makeup,dev
14.03.19/1_03_2202_0004_10_06_002-720bc4c8,1,attack/Makeup,dev
14.03.19/1_03_2202_0004_10_06_002-8c0da015,1,attack/Makeup,dev
14.03.19/1_03_2001_0018_10_05_001-dff25dc7,1,attack/Makeup,dev
14.03.19/1_03_2001_0018_10_05_001-e598f719,1,attack/Makeup,dev
14.03.19/1_01_2001_0018_10_05_001-de22a375,1,attack/Makeup,dev
14.03.19/1_01_2001_0018_10_05_001-dd903919,1,attack/Makeup,dev
14.03.19/1_02_2001_0018_10_05_001-26025d36,1,attack/Makeup,dev
14.03.19/1_02_2001_0018_10_05_001-444fb8d6,1,attack/Makeup,dev
14.03.19/1_01_2002_0076_10_05_002-d2215cda,1,attack/Makeup,dev
14.03.19/1_01_2002_0076_10_05_002-e1b46eef,1,attack/Makeup,dev
14.03.19/1_02_2002_0076_10_05_002-3d07a67a,1,attack/Makeup,dev
14.03.19/1_02_2002_0076_10_05_002-031250e5,1,attack/Makeup,dev
14.03.19/1_03_2002_0076_10_05_002-253b3cf6,1,attack/Makeup,dev
14.03.19/1_03_2002_0076_10_05_002-704f9dab,1,attack/Makeup,dev
14.03.19/1_01_2003_0022_10_05_003-c45c25b2,1,attack/Makeup,dev
14.03.19/1_01_2003_0022_10_05_003-9802b770,1,attack/Makeup,dev
14.03.19/1_02_2003_0022_10_05_003-65b6b43d,1,attack/Makeup,dev
14.03.19/1_02_2003_0022_10_05_003-5afcce85,1,attack/Makeup,dev
14.03.19/1_03_2003_0022_10_05_003-35b8a490,1,attack/Makeup,dev
14.03.19/1_03_2003_0022_10_05_003-31eb7725,1,attack/Makeup,dev
14.03.19/1_01_2004_0019_10_05_004-09065a20,1,attack/Makeup,dev
14.03.19/1_01_2004_0019_10_05_004-dd84c4a7,1,attack/Makeup,dev
14.03.19/1_02_2004_0019_10_05_004-d820b3f7,1,attack/Makeup,dev
14.03.19/1_02_2004_0019_10_05_004-efb0acf6,1,attack/Makeup,dev
14.03.19/1_03_2004_0019_10_05_004-add4bac5,1,attack/Makeup,dev
14.03.19/1_03_2004_0019_10_05_004-2c73bcf7,1,attack/Makeup,dev
21.03.19/1_01_1407_0002_10_02_007-70867b8a,1,attack/Makeup,dev
21.03.19/1_01_1407_0002_10_02_007-6a9bea50,1,attack/Makeup,dev
21.03.19/1_02_1407_0002_10_02_007-9e1c9421,1,attack/Makeup,dev
21.03.19/1_02_1407_0002_10_02_007-3d2ec71d,1,attack/Makeup,dev
21.03.19/1_03_1407_0002_10_02_007-c12f38c1,1,attack/Makeup,dev
21.03.19/1_03_1407_0002_10_02_007-d55b9f05,1,attack/Makeup,dev
21.03.19/1_01_1408_0074_10_02_008-09623e7c,1,attack/Makeup,dev
21.03.19/1_01_1408_0074_10_02_008-7c7dc8fc,1,attack/Makeup,dev
21.03.19/1_02_1408_0074_10_02_008-14636dac,1,attack/Makeup,dev
21.03.19/1_02_1408_0074_10_02_008-5673e5b5,1,attack/Makeup,dev
21.03.19/1_03_1408_0074_10_02_008-73e573f3,1,attack/Makeup,dev
21.03.19/1_03_1408_0074_10_02_008-804c2bdd,1,attack/Makeup,dev
21.03.19/1_01_1409_0006_10_02_009-722d5977,1,attack/Makeup,dev
21.03.19/1_01_1409_0006_10_02_009-2543c42a,1,attack/Makeup,dev
21.03.19/1_02_1409_0006_10_02_009-e8ed0e0a,1,attack/Makeup,dev
21.03.19/1_02_1409_0006_10_02_009-7816495a,1,attack/Makeup,dev
21.03.19/1_03_1409_0006_10_02_009-3459ede3,1,attack/Makeup,dev
21.03.19/1_03_1409_0006_10_02_009-dc02c67a,1,attack/Makeup,dev
21.03.19/1_01_1410_0081_10_02_010-39bd1f5c,1,attack/Makeup,dev
21.03.19/1_01_1410_0081_10_02_010-68e2ae7b,1,attack/Makeup,dev
21.03.19/1_02_1410_0081_10_02_010-2f12ed35,1,attack/Makeup,dev
21.03.19/1_02_1410_0081_10_02_010-c3bc8e74,1,attack/Makeup,dev
21.03.19/1_03_1410_0081_10_02_010-e2e2be71,1,attack/Makeup,dev
21.03.19/1_03_1410_0081_10_02_010-0aaed017,1,attack/Makeup,dev
21.03.19/1_01_1411_0004_10_02_011-7a691ee9,1,attack/Makeup,dev
21.03.19/1_01_1411_0004_10_02_011-d3783f23,1,attack/Makeup,dev
21.03.19/1_02_1411_0004_10_02_011-11abae60,1,attack/Makeup,dev
21.03.19/1_02_1411_0004_10_02_011-00f54924,1,attack/Makeup,dev
21.03.19/1_03_1411_0004_10_02_011-76a6ccd9,1,attack/Makeup,dev
21.03.19/1_03_1411_0004_10_02_011-6770c5d0,1,attack/Makeup,dev
21.03.19/1_01_1412_0019_10_02_012-662647b7,1,attack/Makeup,dev
21.03.19/1_01_1412_0019_10_02_012-030785d1,1,attack/Makeup,dev
21.03.19/1_02_1412_0019_10_02_012-444a8109,1,attack/Makeup,dev
21.03.19/1_02_1412_0019_10_02_012-0c490bb0,1,attack/Makeup,dev
21.03.19/1_03_1412_0019_10_02_012-e7426650,1,attack/Makeup,dev
21.03.19/1_03_1412_0019_10_02_012-f5be426d,1,attack/Makeup,dev
22.03.19/1_01_2205_0002_10_06_005-06f1dbd7,1,attack/Makeup,dev
22.03.19/1_01_2205_0002_10_06_005-13ed9084,1,attack/Makeup,dev
22.03.19/1_01_2205_0002_10_06_005-a2cf17e7,1,attack/Makeup,dev
22.03.19/1_02_2205_0002_10_06_005-b57859fd,1,attack/Makeup,dev
22.03.19/1_02_2205_0002_10_06_005-aa7e9452,1,attack/Makeup,dev
22.03.19/1_02_2205_0002_10_06_005-d092d342,1,attack/Makeup,dev
22.03.19/1_03_2205_0002_10_06_005-ded6af91,1,attack/Makeup,dev
22.03.19/1_03_2205_0002_10_06_005-8f044487,1,attack/Makeup,dev
22.03.19/1_03_2205_0002_10_06_005-90dae7c2,1,attack/Makeup,dev
22.03.19/1_01_2005_0007_10_05_005-1e6f73e5,1,attack/Makeup,dev
22.03.19/1_01_2005_0007_10_05_005-dc83f052,1,attack/Makeup,dev
22.03.19/1_02_2005_0007_10_05_005-e1fadd0e,1,attack/Makeup,dev
22.03.19/1_02_2005_0007_10_05_005-046dba58,1,attack/Makeup,dev
22.03.19/1_03_2005_0007_10_05_005-86feec4e,1,attack/Makeup,dev
22.03.19/1_03_2005_0007_10_05_005-da084ded,1,attack/Makeup,dev
22.03.19/1_01_2006_0018_10_05_006-eba0f055,1,attack/Makeup,dev
22.03.19/1_01_2006_0018_10_05_006-e5736ea1,1,attack/Makeup,dev
22.03.19/1_02_2006_0018_10_05_006-9e496dba,1,attack/Makeup,dev
22.03.19/1_02_2006_0018_10_05_006-fbab6c29,1,attack/Makeup,dev
22.03.19/1_03_2006_0018_10_05_006-a6acbc13,1,attack/Makeup,dev
22.03.19/1_03_2006_0018_10_05_006-ed529ce0,1,attack/Makeup,dev
22.03.19/1_01_2007_0064_10_05_007-8bcaec44,1,attack/Makeup,dev
22.03.19/1_01_2007_0064_10_05_007-bcf81b66,1,attack/Makeup,dev
22.03.19/1_02_2007_0064_10_05_007-ab5eab74,1,attack/Makeup,dev
22.03.19/1_02_2007_0064_10_05_007-960ab19f,1,attack/Makeup,dev
22.03.19/1_03_2007_0064_10_05_007-e858e671,1,attack/Makeup,dev
22.03.19/1_03_2007_0064_10_05_007-2d78df38,1,attack/Makeup,dev
26.03.19/1_01_0803_0018_09_00_003-499b3d65,1,attack/Tattoo,dev
26.03.19/1_01_0803_0018_09_00_003-7b294a46,1,attack/Tattoo,dev
26.03.19/1_02_0803_0018_09_00_003-7f105072,1,attack/Tattoo,dev
26.03.19/1_02_0803_0018_09_00_003-c37612f5,1,attack/Tattoo,dev
26.03.19/1_03_0803_0018_09_00_003-9f2dee0a,1,attack/Tattoo,dev
26.03.19/1_03_0803_0018_09_00_003-5cb69511,1,attack/Tattoo,dev
26.03.19/1_01_0806_0007_09_00_006-4a9fc6ed,1,attack/Tattoo,dev
26.03.19/1_01_0806_0007_09_00_006-ecc5f81f,1,attack/Tattoo,dev
26.03.19/1_02_0806_0007_09_00_006-ccb75067,1,attack/Tattoo,dev
26.03.19/1_02_0806_0007_09_00_006-c0a8169c,1,attack/Tattoo,dev
26.03.19/1_03_0806_0007_09_00_006-a855468a,1,attack/Tattoo,dev
26.03.19/1_03_0806_0007_09_00_006-6f06d7e6,1,attack/Tattoo,dev
27.03.19/1_01_0809_0064_09_00_009-2e8d8fc3,1,attack/Tattoo,dev
27.03.19/1_01_0809_0064_09_00_009-cdbea883,1,attack/Tattoo,dev
27.03.19/1_02_0809_0064_09_00_009-0db5d27e,1,attack/Tattoo,dev
27.03.19/1_02_0809_0064_09_00_009-e56c042d,1,attack/Tattoo,dev
27.03.19/1_03_0809_0064_09_00_009-2c548ebf,1,attack/Tattoo,dev
27.03.19/1_03_0809_0064_09_00_009-b0ed5cd8,1,attack/Tattoo,dev
29.03.19/1_01_0812_0078_09_00_012-564e31c6,1,attack/Tattoo,dev
29.03.19/1_01_0812_0078_09_00_012-590ad9cc,1,attack/Tattoo,dev
29.03.19/1_02_0812_0078_09_00_012-b3ddc222,1,attack/Tattoo,dev
29.03.19/1_02_0812_0078_09_00_012-4255cc1d,1,attack/Tattoo,dev
29.03.19/1_03_0812_0078_09_00_012-aed86371,1,attack/Tattoo,dev
29.03.19/1_03_0812_0078_09_00_012-13436d44,1,attack/Tattoo,dev
11.10.19/1_01_1223_0200_10_01_023-cc720223,1,attack/Makeup,dev
11.10.19/1_01_1223_0200_10_01_023-078c3f76,1,attack/Makeup,dev
11.10.19/1_02_1223_0200_10_01_023-9d23b052,1,attack/Makeup,dev
11.10.19/1_02_1223_0200_10_01_023-2828d62c,1,attack/Makeup,dev
11.10.19/1_03_1223_0200_10_01_023-2a593f21,1,attack/Makeup,dev
11.10.19/1_03_1223_0200_10_01_023-5ed000df,1,attack/Makeup,dev
11.10.19/1_01_2607_0083_10_08_007-66065bef,1,attack/Makeup,dev
11.10.19/1_01_2607_0083_10_08_007-c73f6637,1,attack/Makeup,dev
11.10.19/1_02_2607_0083_10_08_007-73ad1d40,1,attack/Makeup,dev
11.10.19/1_02_2607_0083_10_08_007-665b38d3,1,attack/Makeup,dev
11.10.19/1_03_2607_0083_10_08_007-d592af50,1,attack/Makeup,dev
11.10.19/1_03_2607_0083_10_08_007-6f316ae5,1,attack/Makeup,dev
11.10.19/1_01_2608_0002_10_08_008-84a32f64,1,attack/Makeup,dev
11.10.19/1_01_2608_0002_10_08_008-5c8510e4,1,attack/Makeup,dev
11.10.19/1_02_2608_0002_10_08_008-1aeb3b21,1,attack/Makeup,dev
11.10.19/1_02_2608_0002_10_08_008-c2642543,1,attack/Makeup,dev
11.10.19/1_03_2608_0002_10_08_008-2dd17698,1,attack/Makeup,dev
11.10.19/1_03_2608_0002_10_08_008-214c2ceb,1,attack/Makeup,dev
11.10.19/1_01_2809_0092_10_09_009-7e708e79,1,attack/Makeup,dev
11.10.19/1_01_2809_0092_10_09_009-569885f7,1,attack/Makeup,dev
11.10.19/1_02_2809_0092_10_09_009-0c79db63,1,attack/Makeup,dev
11.10.19/1_02_2809_0092_10_09_009-655606db,1,attack/Makeup,dev
11.10.19/1_03_2809_0092_10_09_009-6c4721d4,1,attack/Makeup,dev
11.10.19/1_03_2809_0092_10_09_009-3c31b8cc,1,attack/Makeup,dev
08.10.19/1_01_0096_0000_00_00_000-387727e2,0,bonafide,dev
08.10.19/1_01_0096_0000_00_00_000-75b0e83b,0,bonafide,dev
08.10.19/1_02_0096_0000_00_00_000-a15c2da9,0,bonafide,dev
08.10.19/1_02_0096_0000_00_00_000-3c7f458b,0,bonafide,dev
08.10.19/1_03_0096_0000_00_00_000-85b057f0,0,bonafide,dev
08.10.19/1_03_0096_0000_00_00_000-792b0c63,0,bonafide,dev
08.10.19/1_01_2803_0096_10_09_003-b136d208,1,attack/Makeup,dev
08.10.19/1_01_2803_0096_10_09_003-cbbae7c0,1,attack/Makeup,dev
08.10.19/1_02_2803_0096_10_09_003-3174fca7,1,attack/Makeup,dev
08.10.19/1_02_2803_0096_10_09_003-054cd890,1,attack/Makeup,dev
08.10.19/1_03_2803_0096_10_09_003-ef185c92,1,attack/Makeup,dev
08.10.19/1_03_2803_0096_10_09_003-a6f0a9dd,1,attack/Makeup,dev
08.10.19/1_01_1418_0062_10_02_018-844455d0,1,attack/Makeup,dev
08.10.19/1_01_1418_0062_10_02_018-df232c89,1,attack/Makeup,dev
08.10.19/1_02_1418_0062_10_02_018-7ed3d9ec,1,attack/Makeup,dev
08.10.19/1_02_1418_0062_10_02_018-bfbb5b9e,1,attack/Makeup,dev
08.10.19/1_03_1418_0062_10_02_018-1acaac94,1,attack/Makeup,dev
08.10.19/1_03_1418_0062_10_02_018-fae2e905,1,attack/Makeup,dev
08.10.19/1_01_1419_0007_10_02_019-0ae95be1,1,attack/Makeup,dev
08.10.19/1_01_1419_0007_10_02_019-170fdc3f,1,attack/Makeup,dev
08.10.19/1_02_1419_0007_10_02_019-6377115b,1,attack/Makeup,dev
08.10.19/1_02_1419_0007_10_02_019-74720183,1,attack/Makeup,dev
08.10.19/1_03_1419_0007_10_02_019-376666ef,1,attack/Makeup,dev
08.10.19/1_03_1419_0007_10_02_019-31e98dbd,1,attack/Makeup,dev
08.10.19/1_01_2604_0097_10_08_004-94d555db,1,attack/Makeup,dev
08.10.19/1_01_2604_0097_10_08_004-b298795c,1,attack/Makeup,dev
08.10.19/1_02_2604_0097_10_08_004-efdc4e1d,1,attack/Makeup,dev
08.10.19/1_02_2604_0097_10_08_004-f4bd5bae,1,attack/Makeup,dev
08.10.19/1_03_2604_0097_10_08_004-95b5d3f7,1,attack/Makeup,dev
08.10.19/1_03_2604_0097_10_08_004-264a77ad,1,attack/Makeup,dev
08.10.19/1_01_1220_0018_10_01_020-62d5b806,1,attack/Makeup,dev
08.10.19/1_01_1220_0018_10_01_020-bc355ff6,1,attack/Makeup,dev
08.10.19/1_02_1220_0018_10_01_020-c6e8c80c,1,attack/Makeup,dev
08.10.19/1_02_1220_0018_10_01_020-a89721d4,1,attack/Makeup,dev
08.10.19/1_03_1220_0018_10_01_020-4056155f,1,attack/Makeup,dev
08.10.19/1_03_1220_0018_10_01_020-2dbeddbf,1,attack/Makeup,dev
08.10.19/1_01_1221_0005_10_01_021-900107ef,1,attack/Makeup,dev
08.10.19/1_01_1221_0005_10_01_021-9a6d0384,1,attack/Makeup,dev
08.10.19/1_02_1221_0005_10_01_021-0aa98419,1,attack/Makeup,dev
08.10.19/1_02_1221_0005_10_01_021-82a2a736,1,attack/Makeup,dev
08.10.19/1_03_1221_0005_10_01_021-bddd2cc1,1,attack/Makeup,dev
08.10.19/1_03_1221_0005_10_01_021-e764e8a7,1,attack/Makeup,dev
08.10.19/1_01_1222_0019_10_01_022-cb12891b,1,attack/Makeup,dev
08.10.19/1_01_1222_0019_10_01_022-35c61e96,1,attack/Makeup,dev
08.10.19/1_02_1222_0019_10_01_022-c3ff36c9,1,attack/Makeup,dev
08.10.19/1_02_1222_0019_10_01_022-73d33712,1,attack/Makeup,dev
08.10.19/1_03_1222_0019_10_01_022-99aceb8d,1,attack/Makeup,dev
08.10.19/1_03_1222_0019_10_01_022-8e8076d1,1,attack/Makeup,dev
07.10.19/1_01_2601_0095_10_08_001-380f027d,1,attack/Makeup,dev
07.10.19/1_01_2601_0095_10_08_001-058ecfbd,1,attack/Makeup,dev
07.10.19/1_02_2601_0095_10_08_001-f4ccdefb,1,attack/Makeup,dev
07.10.19/1_02_2601_0095_10_08_001-58527a28,1,attack/Makeup,dev
07.10.19/1_03_2601_0095_10_08_001-99db8ba5,1,attack/Makeup,dev
07.10.19/1_03_2601_0095_10_08_001-1f80ac49,1,attack/Makeup,dev
07.10.19/1_01_1213_0004_10_01_013-295d9987,1,attack/Makeup,dev
07.10.19/1_01_1213_0004_10_01_013-cabacdc8,1,attack/Makeup,dev
07.10.19/1_02_1213_0004_10_01_013-1bb1a6ef,1,attack/Makeup,dev
07.10.19/1_02_1213_0004_10_01_013-22a87cc4,1,attack/Makeup,dev
07.10.19/1_03_1213_0004_10_01_013-a4ba16b8,1,attack/Makeup,dev
07.10.19/1_03_1213_0004_10_01_013-ab437719,1,attack/Makeup,dev
07.10.19/1_01_1214_0065_10_01_014-45c7244e,1,attack/Makeup,dev
07.10.19/1_01_1214_0065_10_01_014-ae5b7667,1,attack/Makeup,dev
07.10.19/1_02_1214_0065_10_01_014-e8ed0718,1,attack/Makeup,dev
07.10.19/1_02_1214_0065_10_01_014-c8403855,1,attack/Makeup,dev
07.10.19/1_03_1214_0065_10_01_014-c3741243,1,attack/Makeup,dev
07.10.19/1_03_1214_0065_10_01_014-e4d008b3,1,attack/Makeup,dev
07.10.19/1_01_1215_0077_10_01_015-d676acb2,1,attack/Makeup,dev
07.10.19/1_01_1215_0077_10_01_015-a2925829,1,attack/Makeup,dev
07.10.19/1_02_1215_0077_10_01_015-6f986321,1,attack/Makeup,dev
07.10.19/1_02_1215_0077_10_01_015-6449e874,1,attack/Makeup,dev
07.10.19/1_03_1215_0077_10_01_015-47d5a901,1,attack/Makeup,dev
07.10.19/1_03_1215_0077_10_01_015-60f09354,1,attack/Makeup,dev
07.10.19/1_01_2602_0019_10_08_002-ee34a01e,1,attack/Makeup,dev
07.10.19/1_01_2602_0019_10_08_002-720e686d,1,attack/Makeup,dev
07.10.19/1_02_2602_0019_10_08_002-3c35ddba,1,attack/Makeup,dev
07.10.19/1_02_2602_0019_10_08_002-511a765f,1,attack/Makeup,dev
07.10.19/1_03_2602_0019_10_08_002-50ccdf48,1,attack/Makeup,dev
07.10.19/1_03_2602_0019_10_08_002-9e39e60f,1,attack/Makeup,dev
07.10.19/1_01_1417_0038_10_02_017-7b944c3a,1,attack/Makeup,dev
07.10.19/1_01_1417_0038_10_02_017-73c56992,1,attack/Makeup,dev
07.10.19/1_02_1417_0038_10_02_017-233d46fe,1,attack/Makeup,dev
07.10.19/1_02_1417_0038_10_02_017-88ac10fd,1,attack/Makeup,dev
07.10.19/1_03_1417_0038_10_02_017-02a792ef,1,attack/Makeup,dev
07.10.19/1_03_1417_0038_10_02_017-088b6ee7,1,attack/Makeup,dev
26.02.19/1_01_0074_0000_00_00_000-8f1d2898,0,bonafide,eval
26.02.19/1_01_0074_0000_00_00_000-98332ad5,0,bonafide,eval
06.03.19/1_02_0074_0000_00_00_000-9c694a7b,0,bonafide,eval
06.03.19/1_02_0074_0000_00_00_000-0ba2aa4a,0,bonafide,eval
11.03.19/1_03_0074_0000_00_00_000-849c3022,0,bonafide,eval
11.03.19/1_03_0074_0000_00_00_000-3e85b8b8,0,bonafide,eval
21.03.19/1_01_0074_0000_00_00_000-c54807ec,0,bonafide,eval
21.03.19/1_01_0074_0000_00_00_000-c29b9c93,0,bonafide,eval
27.02.19/1_01_0012_0000_00_00_000-93c74185,0,bonafide,eval
27.02.19/1_01_0012_0000_00_00_000-9cba6173,0,bonafide,eval
27.02.19/1_01_0012_0000_00_01_000-0afb2cfb,0,bonafide,eval
27.02.19/1_01_0012_0000_00_01_000-15dbbbb5,0,bonafide,eval
01.03.19/1_02_0012_0000_00_00_000-7c5fad29,0,bonafide,eval
01.03.19/1_02_0012_0000_00_00_000-bf36b2de,0,bonafide,eval
01.03.19/1_02_0012_0000_00_01_000-bfc30c02,0,bonafide,eval
01.03.19/1_02_0012_0000_00_01_000-af36f4a2,0,bonafide,eval
13.03.19/1_01_0012_0000_00_00_000-3ad1434d,0,bonafide,eval
13.03.19/1_01_0012_0000_00_00_000-e8a705db,0,bonafide,eval
15.03.19/1_03_0012_0000_00_00_000-aa9f1ef0,0,bonafide,eval
15.03.19/1_03_0012_0000_00_00_000-17ea28f5,0,bonafide,eval
15.03.19/1_03_0012_0000_00_01_000-20ba16b7,0,bonafide,eval
15.03.19/1_03_0012_0000_00_01_000-c9a38ece,0,bonafide,eval
22.03.19/1_01_0012_0000_00_00_000-48c56e4b,0,bonafide,eval
22.03.19/1_01_0012_0000_00_00_000-c35adf35,0,bonafide,eval
01.03.19/1_01_0019_0000_00_00_000-06d51424,0,bonafide,eval
01.03.19/1_01_0019_0000_00_00_000-3bfc36c8,0,bonafide,eval
01.03.19/1_01_0019_0000_00_01_000-a227a307,0,bonafide,eval
01.03.19/1_01_0019_0000_00_01_000-fb93f991,0,bonafide,eval
06.03.19/1_02_0019_0000_00_00_000-bc314861,0,bonafide,eval
06.03.19/1_02_0019_0000_00_00_000-28ed34a1,0,bonafide,eval
06.03.19/1_02_0019_0000_00_01_000-8d52167f,0,bonafide,eval
06.03.19/1_02_0019_0000_00_01_000-d93f236a,0,bonafide,eval
13.03.19/1_01_0019_0000_00_00_000-4069b418,0,bonafide,eval
13.03.19/1_01_0019_0000_00_00_000-2d81f690,0,bonafide,eval
14.03.19/1_01_0019_0000_00_00_000-55c2a5eb,0,bonafide,eval
14.03.19/1_01_0019_0000_00_00_000-58eb9602,0,bonafide,eval
15.03.19/1_03_0019_0000_00_00_000-5eb58438,0,bonafide,eval
15.03.19/1_03_0019_0000_00_00_000-1b9abe57,0,bonafide,eval
15.03.19/1_03_0019_0000_00_01_000-d32ff50e,0,bonafide,eval
15.03.19/1_03_0019_0000_00_01_000-89346397,0,bonafide,eval
21.03.19/1_01_0019_0000_00_00_000-f3a847b6,0,bonafide,eval
21.03.19/1_01_0019_0000_00_00_000-c7f073f7,0,bonafide,eval
22.03.19/1_01_0019_0000_00_00_000-cf44e39d,0,bonafide,eval
22.03.19/1_01_0019_0000_00_00_000-abd101d0,0,bonafide,eval
25.03.19/1_01_0019_0000_00_00_000-d57042a2,0,bonafide,eval
25.03.19/1_01_0019_0000_00_00_000-716d9aba,0,bonafide,eval
08.10.19/1_01_0019_0000_00_00_000-03307b46,0,bonafide,eval
08.10.19/1_01_0019_0000_00_00_000-35c6635c,0,bonafide,eval
07.10.19/1_01_0019_0000_00_00_000-2601cd0e,0,bonafide,eval
07.10.19/1_01_0019_0000_00_00_000-c25f0e0b,0,bonafide,eval
26.02.19/1_01_0035_0000_00_00_000-d4764bf3,0,bonafide,eval
26.02.19/1_01_0035_0000_00_00_000-ff1d3fd4,0,bonafide,eval
26.02.19/1_01_0035_0000_00_01_000-bd7b42d1,0,bonafide,eval
26.02.19/1_01_0035_0000_00_01_000-ab735e35,0,bonafide,eval
05.03.19/1_02_0035_0000_00_00_000-39814ae4,0,bonafide,eval
05.03.19/1_02_0035_0000_00_00_000-2644deb2,0,bonafide,eval
05.03.19/1_02_0035_0000_00_01_000-d449449f,0,bonafide,eval
05.03.19/1_02_0035_0000_00_01_000-09c05b56,0,bonafide,eval
12.03.19/1_03_0035_0000_00_00_000-54f7141b,0,bonafide,eval
12.03.19/1_03_0035_0000_00_00_000-df4a00f4,0,bonafide,eval
12.03.19/1_03_0035_0000_00_01_000-eda51aef,0,bonafide,eval
12.03.19/1_03_0035_0000_00_01_000-b08dcb05,0,bonafide,eval
26.02.19/1_01_0078_0000_00_00_000-88be3759,0,bonafide,eval
26.02.19/1_01_0078_0000_00_00_000-cfc6a96f,0,bonafide,eval
05.03.19/1_02_0078_0000_00_00_000-ed6c72f1,0,bonafide,eval
05.03.19/1_02_0078_0000_00_00_000-b1da3887,0,bonafide,eval
11.03.19/1_03_0078_0000_00_00_000-c4c8770f,0,bonafide,eval
11.03.19/1_03_0078_0000_00_00_000-91c7e802,0,bonafide,eval
29.03.19/1_01_0078_0000_00_00_000-2d5f899e,0,bonafide,eval
29.03.19/1_01_0078_0000_00_00_000-7fa12018,0,bonafide,eval
28.02.19/1_01_0004_0000_00_00_000-18bfacff,0,bonafide,eval
28.02.19/1_01_0004_0000_00_00_000-d7327109,0,bonafide,eval
08.03.19/1_02_0004_0000_00_00_000-1ef6f451,0,bonafide,eval
08.03.19/1_02_0004_0000_00_00_000-a1fd8db0,0,bonafide,eval
14.03.19/1_01_0004_0000_00_00_000-a0efe660,0,bonafide,eval
14.03.19/1_01_0004_0000_00_00_000-2423feb1,0,bonafide,eval
15.03.19/1_03_0004_0000_00_00_000-add353db,0,bonafide,eval
15.03.19/1_03_0004_0000_00_00_000-cbd09e16,0,bonafide,eval
21.03.19/1_01_0004_0000_00_00_000-dceb260e,0,bonafide,eval
21.03.19/1_01_0004_0000_00_00_000-971a0692,0,bonafide,eval
26.03.19/1_01_0004_0000_00_00_000-5295d4aa,0,bonafide,eval
26.03.19/1_01_0004_0000_00_00_000-f637251a,0,bonafide,eval
07.10.19/1_01_0004_0000_00_00_000-806a1f63,0,bonafide,eval
07.10.19/1_01_0004_0000_00_00_000-f2bb04ab,0,bonafide,eval
28.02.19/1_01_0003_0000_00_00_000-98e8eaef,0,bonafide,eval
28.02.19/1_01_0003_0000_00_00_000-f8ad831f,0,bonafide,eval
07.03.19/1_02_0003_0000_00_00_000-b6b24e93,0,bonafide,eval
07.03.19/1_02_0003_0000_00_00_000-45ce9ba2,0,bonafide,eval
15.03.19/1_03_0003_0000_00_00_000-bf846a88,0,bonafide,eval
15.03.19/1_03_0003_0000_00_00_000-9083fca8,0,bonafide,eval
27.02.19/1_01_0062_0000_00_00_000-0af57647,0,bonafide,eval
27.02.19/1_01_0062_0000_00_00_000-c4290569,0,bonafide,eval
27.02.19/1_01_0062_0000_00_01_000-e11ec258,0,bonafide,eval
27.02.19/1_01_0062_0000_00_01_000-6b9929ee,0,bonafide,eval
05.03.19/1_02_0062_0000_00_00_000-4f5cd136,0,bonafide,eval
05.03.19/1_02_0062_0000_00_00_000-e42b9eb1,0,bonafide,eval
05.03.19/1_02_0062_0000_00_01_000-78c4d205,0,bonafide,eval
05.03.19/1_02_0062_0000_00_01_000-048c0d6b,0,bonafide,eval
11.03.19/1_03_0062_0000_00_00_000-7047680a,0,bonafide,eval
11.03.19/1_03_0062_0000_00_00_000-92e48c03,0,bonafide,eval
11.03.19/1_03_0062_0000_00_01_000-fce5e9b5,0,bonafide,eval
11.03.19/1_03_0062_0000_00_01_000-14815c60,0,bonafide,eval
13.03.19/1_01_0062_0000_00_00_000-c236043f,0,bonafide,eval
13.03.19/1_01_0062_0000_00_00_000-b39a5761,0,bonafide,eval
08.10.19/1_01_0062_0000_00_00_000-fd4676d3,0,bonafide,eval
08.10.19/1_01_0062_0000_00_00_000-6c8fa339,0,bonafide,eval
27.02.19/1_01_0079_0000_00_00_000-ce352439,0,bonafide,eval
27.02.19/1_01_0079_0000_00_00_000-01a48f56,0,bonafide,eval
27.02.19/1_01_0079_0000_00_01_000-c1fd1fb0,0,bonafide,eval
27.02.19/1_01_0079_0000_00_01_000-eaf505ad,0,bonafide,eval
06.03.19/1_02_0079_0000_00_00_000-7f594920,0,bonafide,eval
06.03.19/1_02_0079_0000_00_00_000-c447faee,0,bonafide,eval
06.03.19/1_02_0079_0000_00_01_000-96d45eb2,0,bonafide,eval
06.03.19/1_02_0079_0000_00_01_000-78787aa9,0,bonafide,eval
12.03.19/1_03_0079_0000_00_00_000-5292c129,0,bonafide,eval
12.03.19/1_03_0079_0000_00_00_000-fb7feb9a,0,bonafide,eval
12.03.19/1_03_0079_0000_00_01_000-c5993d05,0,bonafide,eval
12.03.19/1_03_0079_0000_00_01_000-dbcbd326,0,bonafide,eval
27.02.19/1_01_0535_0071_01_02_002-b402b982,1,attack/Glasses,eval
27.02.19/1_01_0535_0071_01_02_002-84d50f45,1,attack/Glasses,eval
01.03.19/1_01_0535_0001_01_02_002-3d7d59ee,1,attack/Glasses,eval
01.03.19/1_01_0535_0001_01_02_002-383bca88,1,attack/Glasses,eval
01.03.19/1_01_0535_0092_01_02_002-e515de74,1,attack/Glasses,eval
01.03.19/1_01_0535_0092_01_02_002-3ece4c24,1,attack/Glasses,eval
06.03.19/1_02_0535_0068_01_02_002-7a7bfb24,1,attack/Glasses,eval
06.03.19/1_02_0535_0068_01_02_002-89f13313,1,attack/Glasses,eval
05.03.19/1_02_0535_0007_01_02_002-48feac46,1,attack/Glasses,eval
05.03.19/1_02_0535_0007_01_02_002-5cb76aee,1,attack/Glasses,eval
05.03.19/1_02_0535_0034_01_02_002-8ebf88ea,1,attack/Glasses,eval
05.03.19/1_02_0535_0034_01_02_002-42be5c9e,1,attack/Glasses,eval
05.03.19/1_02_0535_0085_01_02_002-c56b913b,1,attack/Glasses,eval
05.03.19/1_02_0535_0085_01_02_002-15ddcf5e,1,attack/Glasses,eval
11.03.19/1_03_0535_0089_01_02_002-a159fd4c,1,attack/Glasses,eval
11.03.19/1_03_0535_0089_01_02_002-3c81dcdf,1,attack/Glasses,eval
11.03.19/1_01_0535_0094_01_02_002-084bb89c,1,attack/Glasses,eval
11.03.19/1_01_0535_0094_01_02_002-7dc44789,1,attack/Glasses,eval
12.03.19/1_03_0535_0082_01_02_002-64ded808,1,attack/Glasses,eval
12.03.19/1_03_0535_0082_01_02_002-07b52e0e,1,attack/Glasses,eval
12.03.19/1_03_0535_0081_01_02_002-29e16274,1,attack/Glasses,eval
12.03.19/1_03_0535_0081_01_02_002-f509de45,1,attack/Glasses,eval
12.03.19/1_03_0535_0091_01_02_002-ebf35cb9,1,attack/Glasses,eval
12.03.19/1_03_0535_0091_01_02_002-3451e834,1,attack/Glasses,eval
15.03.19/1_03_0535_0087_01_02_002-092f231f,1,attack/Glasses,eval
15.03.19/1_03_0535_0087_01_02_002-a2b41334,1,attack/Glasses,eval
27.02.19/1_01_0512_0068_01_01_001-05137ac2,1,attack/Glasses,eval
27.02.19/1_01_0512_0068_01_01_001-930b5169,1,attack/Glasses,eval
06.03.19/1_02_0512_0028_01_01_001-57c91a0a,1,attack/Glasses,eval
06.03.19/1_02_0512_0028_01_01_001-e79e8590,1,attack/Glasses,eval
05.03.19/1_02_0512_0064_01_01_001-81ddb135,1,attack/Glasses,eval
05.03.19/1_02_0512_0064_01_01_001-810a6024,1,attack/Glasses,eval
11.03.19/1_01_0512_0094_01_01_001-ee64d4e8,1,attack/Glasses,eval
11.03.19/1_01_0512_0094_01_01_001-6249c029,1,attack/Glasses,eval
12.03.19/1_03_0512_0029_01_01_001-c8c9b8b3,1,attack/Glasses,eval
12.03.19/1_03_0512_0029_01_01_001-1ef20c22,1,attack/Glasses,eval
27.02.19/1_01_0082_0000_00_00_000-2fe4f82e,0,bonafide,eval
27.02.19/1_01_0082_0000_00_00_000-8ad8b66f,0,bonafide,eval
27.02.19/1_01_0082_0000_00_01_000-7b725e6a,0,bonafide,eval
27.02.19/1_01_0082_0000_00_01_000-1b935c0e,0,bonafide,eval
06.03.19/1_02_0082_0000_00_00_000-e3e183ce,0,bonafide,eval
06.03.19/1_02_0082_0000_00_00_000-14c49f3a,0,bonafide,eval
06.03.19/1_02_0082_0000_00_01_000-8e227a3e,0,bonafide,eval
06.03.19/1_02_0082_0000_00_01_000-ff97ea9a,0,bonafide,eval
12.03.19/1_03_0082_0000_00_00_000-e60574af,0,bonafide,eval
12.03.19/1_03_0082_0000_00_00_000-49f0b84e,0,bonafide,eval
12.03.19/1_03_0082_0000_00_01_000-28d5fe16,0,bonafide,eval
12.03.19/1_03_0082_0000_00_01_000-99a39184,0,bonafide,eval
11.10.19/1_01_0082_0000_00_00_000-e44d5446,0,bonafide,eval
11.10.19/1_01_0082_0000_00_00_000-7d208728,0,bonafide,eval
01.03.19/1_01_0028_0000_00_00_000-25c0043f,0,bonafide,eval
01.03.19/1_01_0028_0000_00_00_000-611e103a,0,bonafide,eval
01.03.19/1_01_0028_0000_00_01_000-abb322c5,0,bonafide,eval
01.03.19/1_01_0028_0000_00_01_000-7d10276c,0,bonafide,eval
06.03.19/1_02_0028_0000_00_00_000-b6c2413b,0,bonafide,eval
06.03.19/1_02_0028_0000_00_00_000-7354fb7d,0,bonafide,eval
06.03.19/1_02_0028_0000_00_01_000-ef8cc060,0,bonafide,eval
06.03.19/1_02_0028_0000_00_01_000-61c81df1,0,bonafide,eval
15.03.19/1_03_0028_0000_00_00_000-25bef9ac,0,bonafide,eval
15.03.19/1_03_0028_0000_00_00_000-3a3f899f,0,bonafide,eval
15.03.19/1_03_0028_0000_00_01_000-3f11d0c0,0,bonafide,eval
15.03.19/1_03_0028_0000_00_01_000-16f017cd,0,bonafide,eval
01.03.19/1_01_0092_0000_00_00_000-930bd510,0,bonafide,eval
01.03.19/1_01_0092_0000_00_00_000-fad05fcd,0,bonafide,eval
07.03.19/1_02_0092_0000_00_00_000-0e1a0740,0,bonafide,eval
07.03.19/1_02_0092_0000_00_00_000-e573774a,0,bonafide,eval
12.03.19/1_03_0092_0000_00_00_000-939d6518,0,bonafide,eval
12.03.19/1_03_0092_0000_00_00_000-880477a6,0,bonafide,eval
11.10.19/1_01_0092_0000_00_00_000-295c0ef2,0,bonafide,eval
11.10.19/1_01_0092_0000_00_00_000-cd1c436c,0,bonafide,eval
06.03.19/1_02_0073_0000_00_00_000-462a8e23,0,bonafide,eval
06.03.19/1_02_0073_0000_00_00_000-dac8fe97,0,bonafide,eval
11.03.19/1_03_0073_0000_00_00_000-283e8f1f,0,bonafide,eval
11.03.19/1_03_0073_0000_00_00_000-361097f6,0,bonafide,eval
15.03.19/1_01_0073_0000_00_00_000-d23bdbae,0,bonafide,eval
15.03.19/1_01_0073_0000_00_00_000-90f8dd9c,0,bonafide,eval
05.03.19/1_02_0093_0000_00_00_000-f5193bb2,0,bonafide,eval
05.03.19/1_02_0093_0000_00_00_000-42c453af,0,bonafide,eval
05.03.19/1_02_0093_0000_00_01_000-4c51f582,0,bonafide,eval
05.03.19/1_02_0093_0000_00_01_000-5040aa3b,0,bonafide,eval
20.03.19/1_01_0093_0000_00_00_000-ee9a7f86,0,bonafide,eval
20.03.19/1_01_0093_0000_00_00_000-7f9fcf3a,0,bonafide,eval
20.03.19/1_01_0093_0000_00_01_000-cdacfa21,0,bonafide,eval
20.03.19/1_01_0093_0000_00_01_000-330a7661,0,bonafide,eval
20.03.19/1_03_0093_0000_00_00_000-f1a862fa,0,bonafide,eval
20.03.19/1_03_0093_0000_00_00_000-d9eb7f91,0,bonafide,eval
20.03.19/1_03_0093_0000_00_01_000-becf776e,0,bonafide,eval
20.03.19/1_03_0093_0000_00_01_000-43358b59,0,bonafide,eval
13.03.19/1_01_1401_0019_10_02_001-887eaaae,1,attack/Makeup,eval
13.03.19/1_01_1401_0019_10_02_001-4ac3e13e,1,attack/Makeup,eval
13.03.19/1_02_1401_0019_10_02_001-df55efaa,1,attack/Makeup,eval
13.03.19/1_02_1401_0019_10_02_001-293c35f9,1,attack/Makeup,eval
13.03.19/1_03_1401_0019_10_02_001-512ce4db,1,attack/Makeup,eval
13.03.19/1_03_1401_0019_10_02_001-80618d55,1,attack/Makeup,eval
14.03.19/1_01_2201_0019_10_06_001-31edd7a1,1,attack/Makeup,eval
14.03.19/1_01_2201_0019_10_06_001-8a47e8af,1,attack/Makeup,eval
14.03.19/1_01_2201_0019_10_06_001-37ebf47d,1,attack/Makeup,eval
14.03.19/1_02_2201_0019_10_06_001-b06752c5,1,attack/Makeup,eval
14.03.19/1_02_2201_0019_10_06_001-5cf05170,1,attack/Makeup,eval
14.03.19/1_02_2201_0019_10_06_001-38d45583,1,attack/Makeup,eval
14.03.19/1_03_2201_0019_10_06_001-2f71a2df,1,attack/Makeup,eval
14.03.19/1_03_2201_0019_10_06_001-2e83116e,1,attack/Makeup,eval
14.03.19/1_03_2201_0019_10_06_001-938b28b8,1,attack/Makeup,eval
22.03.19/1_01_2204_0012_10_06_004-c2c253c7,1,attack/Makeup,eval
22.03.19/1_01_2204_0012_10_06_004-1e732750,1,attack/Makeup,eval
22.03.19/1_01_2204_0012_10_06_004-8f396d8e,1,attack/Makeup,eval
22.03.19/1_02_2204_0012_10_06_004-4d109657,1,attack/Makeup,eval
22.03.19/1_02_2204_0012_10_06_004-db9e763d,1,attack/Makeup,eval
22.03.19/1_02_2204_0012_10_06_004-2082cccd,1,attack/Makeup,eval
22.03.19/1_03_2204_0012_10_06_004-5e866906,1,attack/Makeup,eval
22.03.19/1_03_2204_0012_10_06_004-37335e10,1,attack/Makeup,eval
22.03.19/1_03_2204_0012_10_06_004-69cc5e75,1,attack/Makeup,eval
25.03.19/1_01_0801_0019_09_00_001-ef5d58f2,1,attack/Tattoo,eval
25.03.19/1_01_0801_0019_09_00_001-2a5509a1,1,attack/Tattoo,eval
25.03.19/1_02_0801_0019_09_00_001-748de82b,1,attack/Tattoo,eval
25.03.19/1_02_0801_0019_09_00_001-c8079cc5,1,attack/Tattoo,eval
25.03.19/1_03_0801_0019_09_00_001-a4e64051,1,attack/Tattoo,eval
25.03.19/1_03_0801_0019_09_00_001-e1cff6e3,1,attack/Tattoo,eval
26.03.19/1_01_0804_0038_09_00_004-cc0ac507,1,attack/Tattoo,eval
26.03.19/1_01_0804_0038_09_00_004-64a23332,1,attack/Tattoo,eval
26.03.19/1_02_0804_0038_09_00_004-c0d9c5e5,1,attack/Tattoo,eval
26.03.19/1_02_0804_0038_09_00_004-52bd5330,1,attack/Tattoo,eval
26.03.19/1_03_0804_0038_09_00_004-24ca242f,1,attack/Tattoo,eval
26.03.19/1_03_0804_0038_09_00_004-f63c93b5,1,attack/Tattoo,eval
26.03.19/1_01_0807_0004_09_00_007-8b8393fa,1,attack/Tattoo,eval
26.03.19/1_01_0807_0004_09_00_007-94bcbb75,1,attack/Tattoo,eval
26.03.19/1_02_0807_0004_09_00_007-cf22c2f9,1,attack/Tattoo,eval
26.03.19/1_02_0807_0004_09_00_007-9d3b9c0d,1,attack/Tattoo,eval
26.03.19/1_03_0807_0004_09_00_007-71153835,1,attack/Tattoo,eval
26.03.19/1_03_0807_0004_09_00_007-48d6aeb3,1,attack/Tattoo,eval
28.03.19/1_01_0810_0076_09_00_010-6dcc6353,1,attack/Tattoo,eval
28.03.19/1_01_0810_0076_09_00_010-5e878f11,1,attack/Tattoo,eval
28.03.19/1_02_0810_0076_09_00_010-c151df74,1,attack/Tattoo,eval
28.03.19/1_02_0810_0076_09_00_010-a62e27b7,1,attack/Tattoo,eval
28.03.19/1_03_0810_0076_09_00_010-5abeace2,1,attack/Tattoo,eval
28.03.19/1_03_0810_0076_09_00_010-bbfe5e8b,1,attack/Tattoo,eval
11.10.19/1_01_0200_0000_00_00_000-78393150,0,bonafide,eval
11.10.19/1_01_0200_0000_00_00_000-40f91b67,0,bonafide,eval
11.10.19/1_02_0200_0000_00_00_000-ed8ba841,0,bonafide,eval
11.10.19/1_02_0200_0000_00_00_000-3312d318,0,bonafide,eval
11.10.19/1_03_0200_0000_00_00_000-96bd9e65,0,bonafide,eval
11.10.19/1_03_0200_0000_00_00_000-41486e0f,0,bonafide,eval
11.10.19/1_01_1423_0200_10_02_023-f39b87b5,1,attack/Makeup,eval
11.10.19/1_01_1423_0200_10_02_023-0cc77294,1,attack/Makeup,eval
11.10.19/1_02_1423_0200_10_02_023-d78eaefb,1,attack/Makeup,eval
11.10.19/1_02_1423_0200_10_02_023-74c4557e,1,attack/Makeup,eval
11.10.19/1_03_1423_0200_10_02_023-99deddda,1,attack/Makeup,eval
11.10.19/1_03_1423_0200_10_02_023-46fc6435,1,attack/Makeup,eval
11.10.19/1_01_2605_0201_10_08_005-077d24d7,1,attack/Makeup,eval
11.10.19/1_01_2605_0201_10_08_005-65e428e5,1,attack/Makeup,eval
11.10.19/1_02_2605_0201_10_08_005-2243cf09,1,attack/Makeup,eval
11.10.19/1_02_2605_0201_10_08_005-e557e7e7,1,attack/Makeup,eval
11.10.19/1_03_2605_0201_10_08_005-3c0469c8,1,attack/Makeup,eval
11.10.19/1_03_2605_0201_10_08_005-ad87399c,1,attack/Makeup,eval
11.10.19/1_01_1224_0084_10_01_024-dec573e2,1,attack/Makeup,eval
11.10.19/1_01_1224_0084_10_01_024-2e005bc6,1,attack/Makeup,eval
11.10.19/1_02_1224_0084_10_01_024-bcb77eb6,1,attack/Makeup,eval
11.10.19/1_02_1224_0084_10_01_024-063400c4,1,attack/Makeup,eval
11.10.19/1_03_1224_0084_10_01_024-6872871e,1,attack/Makeup,eval
11.10.19/1_03_1224_0084_10_01_024-6610b15f,1,attack/Makeup,eval
11.10.19/1_01_2606_0200_10_08_006-3c050e64,1,attack/Makeup,eval
11.10.19/1_01_2606_0200_10_08_006-8c6e40e5,1,attack/Makeup,eval
11.10.19/1_02_2606_0200_10_08_006-0b9a3ce3,1,attack/Makeup,eval
11.10.19/1_02_2606_0200_10_08_006-e20929c4,1,attack/Makeup,eval
11.10.19/1_03_2606_0200_10_08_006-f11856ce,1,attack/Makeup,eval
11.10.19/1_03_2606_0200_10_08_006-9d6794f7,1,attack/Makeup,eval
11.10.19/1_01_2807_0083_10_09_007-0a4bedd7,1,attack/Makeup,eval
11.10.19/1_01_2807_0083_10_09_007-9df27653,1,attack/Makeup,eval
11.10.19/1_02_2807_0083_10_09_007-59ca083c,1,attack/Makeup,eval
11.10.19/1_02_2807_0083_10_09_007-65f555db,1,attack/Makeup,eval
11.10.19/1_03_2807_0083_10_09_007-6a4c0ce1,1,attack/Makeup,eval
11.10.19/1_03_2807_0083_10_09_007-a772e480,1,attack/Makeup,eval
11.10.19/1_01_2808_0002_10_09_008-1d12d468,1,attack/Makeup,eval
11.10.19/1_01_2808_0002_10_09_008-9d0031d0,1,attack/Makeup,eval
11.10.19/1_02_2808_0002_10_09_008-076c3740,1,attack/Makeup,eval
11.10.19/1_02_2808_0002_10_09_008-f6bbf442,1,attack/Makeup,eval
11.10.19/1_03_2808_0002_10_09_008-004007e0,1,attack/Makeup,eval
11.10.19/1_03_2808_0002_10_09_008-092703d3,1,attack/Makeup,eval
11.10.19/1_01_2609_0092_10_08_009-3ae62cfd,1,attack/Makeup,eval
11.10.19/1_01_2609_0092_10_08_009-13cc6dfa,1,attack/Makeup,eval
11.10.19/1_02_2609_0092_10_08_009-3705fcb3,1,attack/Makeup,eval
11.10.19/1_02_2609_0092_10_08_009-0bd54806,1,attack/Makeup,eval
11.10.19/1_03_2609_0092_10_08_009-7b573b14,1,attack/Makeup,eval
11.10.19/1_03_2609_0092_10_08_009-15009650,1,attack/Makeup,eval
11.10.19/1_01_1225_0082_10_01_025-e7972881,1,attack/Makeup,eval
11.10.19/1_01_1225_0082_10_01_025-4dcfc20b,1,attack/Makeup,eval
11.10.19/1_02_1225_0082_10_01_025-eca314c6,1,attack/Makeup,eval
11.10.19/1_02_1225_0082_10_01_025-52a5682e,1,attack/Makeup,eval
11.10.19/1_03_1225_0082_10_01_025-76a382e7,1,attack/Makeup,eval
11.10.19/1_03_1225_0082_10_01_025-4df9dacc,1,attack/Makeup,eval
08.10.19/1_01_0097_0000_00_00_000-b71b0c19,0,bonafide,eval
08.10.19/1_01_0097_0000_00_00_000-bb991f34,0,bonafide,eval
08.10.19/1_02_0097_0000_00_00_000-d73b719e,0,bonafide,eval
08.10.19/1_02_0097_0000_00_00_000-350c374c,0,bonafide,eval
08.10.19/1_03_0097_0000_00_00_000-0a49fc41,0,bonafide,eval
08.10.19/1_03_0097_0000_00_00_000-e021f712,0,bonafide,eval
08.10.19/1_01_2804_0097_10_09_004-d31a726b,1,attack/Makeup,eval
08.10.19/1_01_2804_0097_10_09_004-c8ce056e,1,attack/Makeup,eval
08.10.19/1_02_2804_0097_10_09_004-45001c5a,1,attack/Makeup,eval
08.10.19/1_02_2804_0097_10_09_004-22e5c09a,1,attack/Makeup,eval
08.10.19/1_03_2804_0097_10_09_004-6bec73dd,1,attack/Makeup,eval
08.10.19/1_03_2804_0097_10_09_004-72504187,1,attack/Makeup,eval
08.10.19/1_01_1420_0018_10_02_020-dbf368e7,1,attack/Makeup,eval
08.10.19/1_01_1420_0018_10_02_020-2d43e0cd,1,attack/Makeup,eval
08.10.19/1_02_1420_0018_10_02_020-8a163b12,1,attack/Makeup,eval
08.10.19/1_02_1420_0018_10_02_020-a50685a6,1,attack/Makeup,eval
08.10.19/1_03_1420_0018_10_02_020-74db08ea,1,attack/Makeup,eval
08.10.19/1_03_1420_0018_10_02_020-8ab0c104,1,attack/Makeup,eval
08.10.19/1_01_1421_0005_10_02_021-6e8c9faf,1,attack/Makeup,eval
08.10.19/1_01_1421_0005_10_02_021-0c3e3541,1,attack/Makeup,eval
08.10.19/1_02_1421_0005_10_02_021-00b0d996,1,attack/Makeup,eval
08.10.19/1_02_1421_0005_10_02_021-0b6be4f3,1,attack/Makeup,eval
08.10.19/1_03_1421_0005_10_02_021-c0850456,1,attack/Makeup,eval
08.10.19/1_03_1421_0005_10_02_021-3dde8675,1,attack/Makeup,eval
08.10.19/1_01_1422_0019_10_02_022-ee18da40,1,attack/Makeup,eval
08.10.19/1_01_1422_0019_10_02_022-ec9a55c1,1,attack/Makeup,eval
08.10.19/1_02_1422_0019_10_02_022-7812ef2f,1,attack/Makeup,eval
08.10.19/1_02_1422_0019_10_02_022-e140c55f,1,attack/Makeup,eval
08.10.19/1_03_1422_0019_10_02_022-6c349c61,1,attack/Makeup,eval
08.10.19/1_03_1422_0019_10_02_022-e358b124,1,attack/Makeup,eval
07.10.19/1_01_2801_0095_10_09_001-e275ae09,1,attack/Makeup,eval
07.10.19/1_01_2801_0095_10_09_001-a73263fc,1,attack/Makeup,eval
07.10.19/1_02_2801_0095_10_09_001-b1230e02,1,attack/Makeup,eval
07.10.19/1_02_2801_0095_10_09_001-c54d17f6,1,attack/Makeup,eval
07.10.19/1_03_2801_0095_10_09_001-2379d1b5,1,attack/Makeup,eval
07.10.19/1_03_2801_0095_10_09_001-44f6fd0f,1,attack/Makeup,eval
07.10.19/1_01_1413_0004_10_02_013-2f84da40,1,attack/Makeup,eval
07.10.19/1_01_1413_0004_10_02_013-343ff014,1,attack/Makeup,eval
07.10.19/1_02_1413_0004_10_02_013-fd3412e4,1,attack/Makeup,eval
07.10.19/1_02_1413_0004_10_02_013-2b95f163,1,attack/Makeup,eval
07.10.19/1_03_1413_0004_10_02_013-f55ebbe5,1,attack/Makeup,eval
07.10.19/1_03_1413_0004_10_02_013-4a82a1be,1,attack/Makeup,eval
07.10.19/1_01_1414_0065_10_02_014-f74f666f,1,attack/Makeup,eval
07.10.19/1_01_1414_0065_10_02_014-7c143190,1,attack/Makeup,eval
07.10.19/1_02_1414_0065_10_02_014-04d70117,1,attack/Makeup,eval
07.10.19/1_02_1414_0065_10_02_014-7573861f,1,attack/Makeup,eval
07.10.19/1_03_1414_0065_10_02_014-4a3bf66c,1,attack/Makeup,eval
07.10.19/1_03_1414_0065_10_02_014-3f096358,1,attack/Makeup,eval
07.10.19/1_01_1415_0077_10_02_015-3fbbc467,1,attack/Makeup,eval
07.10.19/1_01_1415_0077_10_02_015-d4125fac,1,attack/Makeup,eval
07.10.19/1_02_1415_0077_10_02_015-932daef9,1,attack/Makeup,eval
07.10.19/1_02_1415_0077_10_02_015-6834dfd6,1,attack/Makeup,eval
07.10.19/1_03_1415_0077_10_02_015-8248afd1,1,attack/Makeup,eval
07.10.19/1_03_1415_0077_10_02_015-43fdced7,1,attack/Makeup,eval
07.10.19/1_01_1216_0068_10_01_016-e920c8ca,1,attack/Makeup,eval
07.10.19/1_01_1216_0068_10_01_016-4bf69908,1,attack/Makeup,eval
07.10.19/1_02_1216_0068_10_01_016-473852d1,1,attack/Makeup,eval
07.10.19/1_02_1216_0068_10_01_016-6ca4530e,1,attack/Makeup,eval
07.10.19/1_03_1216_0068_10_01_016-95cc957b,1,attack/Makeup,eval
07.10.19/1_03_1216_0068_10_01_016-ceb9f4da,1,attack/Makeup,eval
07.10.19/1_01_2802_0019_10_09_002-3cc7ebcb,1,attack/Makeup,eval
07.10.19/1_01_2802_0019_10_09_002-2c3f43ce,1,attack/Makeup,eval
07.10.19/1_02_2802_0019_10_09_002-6c5869bf,1,attack/Makeup,eval
07.10.19/1_02_2802_0019_10_09_002-2300302c,1,attack/Makeup,eval
07.10.19/1_03_2802_0019_10_09_002-95fc0530,1,attack/Makeup,eval
07.10.19/1_03_2802_0019_10_09_002-bd7d5527,1,attack/Makeup,eval